,NO,NAME,CODE,REM,LAST_DONE,LACP,CHG,%CHG,VOL('00),BUY_VOL('00),BUY,SELL,SEL_VOL('00),HIGH,LOW
0,1,SAPNRG [S],5218,s,0.160,0.185,-0.025,-13.51,"2,673,640","280,123",0.160,0.165,"38,083",0.175,0.160
1,2,MYEG [S],0138,s,1.200,1.120,+0.080,+7.14,"1,275,778","18,431",1.200,1.210,"11,712",1.280,1.160
2,3,XOX [S],0165,0.035,0.045,-0.010,-22.22,"982,880","273,947",0.030,0.035,"23,607",0.045,0.030,0165
3,4,AVI [S],8885,s,0.160,0.145,+0.015,+10.34,"790,515","706,979",0.155,0.160,"14,361",0.165,0.140
4,5,TIGER [S],7079,s,0.035,0.045,-0.010,-22.22,"741,992","295,538",0.035,0.040,"113,245",0.045,0.035
5,6,THRIVEN [S],7889,s,0.315,0.220,+0.095,+43.18,"696,073","11,784",0.315,0.320,699,0.480,0.280
6,7,DSONIC [S],5216,[c]  s,1.170,1.070,+0.100,+9.35,"667,996","5,706",1.170,1.180,"4,490",1.310,1.110
7,8,DSONIC-WA [S],5216WA,s,0.505,0.415,+0.090,+21.69,"634,547","4,188",0.505,0.510,"6,037",0.540,0.440
8,9,AIRASIA [S],5099,s,1.030,1.000,+0.030,+3.00,"517,955","13,244",1.030,1.050,"1,794",1.060,0.980
9,10,VELESTO [S],5243,s,0.265,0.300,-0.035,-11.67,"484,396","107,801",0.265,0.270,"2,519",0.285,0.250
10,11,THRIVEN-WB [S],7889WB,s,0.085,0.025,+0.060,+240.00,"446,441","6,726",0.085,0.090,"2,700",0.150,0.070
11,12,EKOVEST [S],8877,s,0.615,0.640,-0.025,-3.91,"431,396","1,320",0.615,0.620,150,0.650,0.575
12,13,EDUSPEC [S],0107,0.020,0.020,-,-,"398,427","396,118",0.015,0.020,"447,249",0.025,0.020,0107
13,14,JAKS [S],4723,s,1.290,1.240,+0.050,+4.03,"382,750","2,850",1.280,1.290,"1,484",1.290,1.190
14,15,JAG [S],0024,0.045,0.045,-,-,"378,780","100,662",0.040,0.045,"1,570",0.050,0.040,0024
15,16,IRIS [S],0010,0.130,0.130,-,-,"369,858","18,936",0.130,0.135,"44,716",0.135,0.115,0010
16,17,ALAM [S],5115,s,0.100,0.115,-0.015,-13.04,"343,046","79,258",0.100,0.105,"36,725",0.105,0.095
17,18,ICON [S],5255,s,0.100,0.105,-0.005,-4.76,"300,277","37,881",0.095,0.100,"71,359",0.110,0.095
18,19,AT [S],0072,0.035,0.035,-,-,"297,599","60,510",0.035,0.040,"71,809",0.040,0.030,0072
19,20,FPGROUP [S],5277,s,0.855,0.795,+0.060,+7.55,"289,679","2,062",0.855,0.860,"1,171",0.860,0.770
20,21,PWORTH [S],7123,s,0.020,0.020,-,-,"273,365","1,062,774",0.015,0.020,"33,856",0.025,0.015
21,22,DAYANG [S],5141,s,2.150,2.330,-0.180,-7.73,"222,594",20,2.130,2.150,582,2.300,2.080
22,23,MRCB [S],1651,[c]  s,0.585,0.570,+0.015,+2.63,"208,132","4,892",0.580,0.585,"2,324",0.600,0.580
23,24,JCY [S],5161,s,0.285,0.275,+0.010,+3.64,"197,429","1,080",0.280,0.285,"7,568",0.285,0.265
24,25,RGTECH [S],0202,0.355,0.325,+0.030,+9.23,"184,434","9,822",0.355,0.360,"6,920",0.355,0.315,0202
25,26,KRONO [S],0176,0.665,0.635,+0.030,+4.72,"175,720","1,368",0.665,0.670,"2,625",0.665,0.610,0176
26,27,PUC [S],0007,0.035,0.040,-0.005,-12.50,"169,959","178,162",0.030,0.035,"19,266",0.040,0.030,0007
27,28,NOTION [S],0083,s,1.050,0.990,+0.060,+6.06,"168,666",119,1.050,1.060,"4,139",1.050,0.945
28,29,GAMUDA [S],5398,s,3.190,3.310,-0.120,-3.63,"166,684","10,620",3.190,3.200,100,3.250,3.170
29,30,INARI [S],0166,[c]  s,1.410,1.410,-,-,"163,638",420,1.410,1.420,928,1.450,1.380
30,31,AAX [S],5238,s,0.095,0.105,-0.010,-9.52,"161,400","88,371",0.095,0.100,"23,225",0.105,0.095
31,32,TECHBND-WA [S],5289WA,s,0.235,-,+0.125,+113.64,"150,803","1,726",0.230,0.235,"1,012",0.295,0.155
32,33,KANGER [S],0170,0.120,0.115,+0.005,+4.35,"147,146","36,145",0.115,0.120,"76,676",0.120,0.105,0170
33,34,SAPNRG-WA [S],5218WA,s,0.075,0.075,-,-,"141,922","62,527",0.070,0.075,"35,168",0.075,0.070
34,35,MCLEAN [S],0167,0.370,0.360,+0.010,+2.78,"140,376","2,000",0.365,0.370,"20,200",0.375,0.330,0167
35,36,OMESTI [S],9008,s,0.640,0.615,+0.025,+4.07,"128,316",894,0.640,0.645,"1,150",0.640,0.575
36,37,OPENSYS [S],0040,[c],0.405,0.390,+0.015,+3.85,"125,201","2,020",0.400,0.405,31,0.410,0.370
37,38,ALAM-WA [S],5115WA,s,0.040,0.040,-,-,"125,123","136,872",0.035,0.040,"63,232",0.040,0.035
38,39,DGB [S],0152,0.050,0.050,-,-,"124,353","92,361",0.040,0.045,"1,999",0.050,0.040,0152
39,40,UWC [S],5292,s,2.740,2.570,+0.170,+6.61,"120,293",138,2.730,2.740,"2,503",2.770,2.430
40,41,VIVOCOM [S],0069,0.020,0.020,-,-,"119,432","245,219",0.020,0.025,"1,209,771",0.025,0.020,0069
41,42,SLVEST [S],0215,1.120,1.140,-0.020,-1.75,"117,234",775,1.120,1.130,480,1.180,1.080,0215
42,43,MEDIAC [S],5090,s,0.205,0.200,+0.005,+2.50,"111,175","1,630",0.200,0.205,329,0.215,0.195
43,44,YONGTAI [S],7066,s,0.090,0.095,-0.005,-5.26,"110,954",350,0.085,0.090,"15,180",0.090,0.080
44,45,APFT [S],5194,s,0.005,0.005,-,-,"109,868",-,-,0.005,"29,339",0.005,0.005
45,46,HUAAN [S],2739,s,0.075,0.085,-0.010,-11.76,"106,102","7,832",0.070,0.075,"11,272",0.075,0.060
46,47,PDZ [S],6254,s,0.020,0.025,-0.005,-20.00,"105,615","48,167",0.020,0.025,"149,975",0.025,0.015
47,48,MI [S],5286,[c]  s,2.800,2.680,+0.120,+4.48,"103,463","1,673",2.800,2.810,20,2.800,2.580
48,49,WIDAD [S],0162,s,0.505,0.505,-,-,"100,565","2,280",0.495,0.505,"5,671",0.505,0.495
49,50,MASTER [S],7029,s,1.910,2.720,-0.810,-29.78,"98,938",5,1.920,1.910,"25,277",2.260,1.910
50,51,DESTINI [S],7212,s,0.170,0.180,-0.010,-5.56,"98,213","2,301",0.170,0.175,"1,504",0.195,0.165
51,52,PERDANA [S],7108,s,0.360,0.365,-0.005,-1.37,"97,944",10,0.360,0.365,460,0.365,0.335
52,53,ORION [S],0079,0.070,0.075,-0.005,-6.67,"97,421","57,909",0.060,0.065,"2,000",0.070,0.060,0079
53,54,ICON-WA [S],5255WA,s,0.055,0.060,-0.005,-8.33,"93,589","216,884",0.050,0.055,"3,496",0.060,0.055
54,55,GDB [S],0198,[c],0.680,0.635,+0.045,+7.09,"93,451","1,299",0.675,0.680,221,0.680,0.610
55,56,ISTONE [S],0209,0.190,0.195,-0.005,-2.56,"92,844","24,809",0.190,0.195,700,0.200,0.185,0209
56,57,KEYASIC [S],0143,s,0.040,0.040,-,-,"92,694","23,767",0.035,0.040,"16,386",0.040,0.030
57,58,SIMEPLT [S],5285,[c]  s,4.730,4.960,-0.230,-4.64,"92,205",516,4.720,4.730,2,4.950,4.710
58,59,TENAGA [S],5347,s,12.500,12.100,+0.400,+3.31,"91,366","1,061",12.500,12.560,148,12.680,12.240
59,60,GAMUDA-WE [S],5398WE,s,0.245,0.295,-0.050,-16.95,"90,731",915,0.245,0.255,228,0.270,0.240
60,61,TDEX [S],0132,0.055,0.055,-,-,"90,038","6,000",0.050,0.055,"5,542",0.055,0.055,0132
61,62,BINACOM [S],0195,0.435,0.425,+0.010,+2.35,"89,823",400,0.430,0.435,931,0.440,0.400,0195
62,63,THHEAVY [S],7206,s,0.115,0.120,-0.005,-4.17,"88,577","34,632",0.110,0.115,"5,663",0.115,0.105
63,64,FGV [S],5222,s,1.150,1.140,+0.010,+0.88,"87,552","2,729",1.150,1.160,350,1.200,1.130
64,65,CAREPLS [S],0163,0.225,0.235,-0.010,-4.26,"86,012","7,044",0.225,0.230,"5,210",0.240,0.220,0163
65,66,HARTA [S],5168,[c]  s,6.060,6.200,-0.140,-2.26,"83,977","1,398",6.060,6.080,67,6.180,6.010
66,67,DBE [S],7179,s,0.030,0.030,-,-,"83,520","304,815",0.025,0.030,"301,221",0.030,0.030
67,68,ECONBHD [S],5253,s,0.685,0.660,+0.025,+3.79,"83,161",100,0.680,0.685,346,0.705,0.630
68,69,HUBLINE [S],7013,s,0.045,0.045,-,-,"82,231","82,669",0.040,0.045,"50,851",0.045,0.040
69,70,HIBISCS [S],5199,s,0.740,0.750,-0.010,-1.33,"80,778",550,0.735,0.740,44,0.745,0.715
70,71,PCHEM [S],5183,[c]  s,5.210,5.400,-0.190,-3.52,"80,344",380,5.200,5.210,117,5.400,5.100
71,72,TOPGLOV [S],7113,s,5.600,5.640,-0.040,-0.71,"80,107",384,5.600,5.610,"1,530",5.700,5.490
72,73,DIALOG [S],7277,s,3.290,3.340,-0.050,-1.50,"79,965","3,699",3.290,3.300,850,3.380,3.260
73,74,PTRANS [S],0186,s,0.200,0.200,-,-,"76,269","10,892",0.200,0.205,"19,176",0.205,0.195
74,75,SEACERA-WC [S],7073WC,s,0.015,0.015,-,-,"76,055",200,0.010,0.015,"4,700",0.015,0.005
75,76,TRIVE [S],0118,s,0.010,0.005,+0.005,+100.00,"75,587","1,399,218",0.005,0.010,"325,782",0.010,0.005
76,77,IHH [S],5225,[c]  s,5.680,5.700,-0.020,-0.35,"73,404","6,145",5.680,5.700,900,5.730,5.600
77,78,SERBADK-WA [S],5279WA,s,0.335,0.340,-0.005,-1.47,"72,325",350,0.335,0.340,"2,241",0.345,0.325
78,79,VS [S],6963,s,1.210,1.280,-0.070,-5.47,"71,864",558,1.210,1.220,"2,420",1.250,1.200
79,80,IWCITY [S],1589,s,0.645,0.630,+0.015,+2.38,"71,751",350,0.640,0.645,64,0.665,0.600
80,81,ANZO [S],9342,s,0.015,0.015,-,-,"71,548","260,263",0.010,0.015,"63,678",0.015,0.015
81,82,VIS [S],0120,[c],0.590,0.535,+0.055,+10.28,"70,747",717,0.585,0.590,188,0.595,0.510
82,83,NOVAMSC [S],0026,0.040,0.040,-,-,"68,484","16,093",0.040,0.045,"52,440",0.040,0.035,0026
83,84,OPCOM [S],0035,0.460,0.540,-0.080,-14.81,"68,111",158,0.460,0.465,50,0.470,0.410,0035
84,85,REACH [S],5256,s,0.110,0.130,-0.020,-15.38,"65,274","33,827",0.105,0.110,"3,387",0.115,0.105
85,86,SUNWAY [S],5211,s,1.710,1.770,-0.060,-3.39,"64,888","7,422",1.710,1.720,"2,196",1.750,1.710
86,87,SERBADK [S],5279,[c]  s,2.170,2.200,-0.030,-1.36,"63,228","2,099",2.170,2.180,"3,775",2.270,2.130
87,88,REVENUE [S],0200,1.240,1.250,-0.010,-0.80,"62,246",718,1.230,1.240,25,1.270,1.200,0200
88,89,ROHAS [S],9741,s,0.495,0.550,-0.055,-10.00,"61,683",2,0.495,0.500,755,0.510,0.485
89,90,PRESBHD [S],5204,s,0.350,0.320,+0.030,+9.38,"59,491","2,034",0.350,0.355,"2,703",0.380,0.325
90,91,BAHVEST [S],0098,s,0.445,0.455,-0.010,-2.20,"59,388",137,0.440,0.445,344,0.445,0.400
91,92,SUPERMX [S],7106,s,1.590,1.590,-,-,"58,401","1,039",1.570,1.590,463,1.610,1.550
92,93,JTIASA [S],4383,s,0.525,0.565,-0.040,-7.08,"57,602",884,0.525,0.530,713,0.545,0.515
93,94,INNATURE [S],5295,[c]  s,0.540,0.545,-0.005,-0.92,"56,868",103,0.540,0.545,665,0.550,0.520
94,95,SCBUILD [S],0109,0.025,0.025,-,-,"56,741","36,351",0.015,0.025,"21,634",0.025,0.015,0109
95,96,MTAG [S],0213,0.460,0.450,+0.010,+2.22,"56,645",29,0.460,0.465,"1,250",0.460,0.440,0213
96,97,PANSAR [S],8419,s,0.645,0.640,+0.005,+0.78,"55,649",18,0.645,0.650,20,0.665,0.630
97,98,SOLID-WA [S],5242WA,s,0.110,0.090,+0.020,+22.22,"54,668","5,200",0.105,0.110,"14,756",0.110,0.090
98,99,PMHLDG [S],1287,s,0.085,0.110,-0.025,-22.73,"54,150","1,410",0.085,0.090,"1,998",0.100,0.085
99,100,GREATEC [S],0208,3.390,3.230,+0.160,+4.95,"53,461",997,3.390,3.400,693,3.400,3.110,0208
100,101,PA [S],7225,s,0.060,0.060,-,-,"52,927","48,478",0.055,0.060,"58,159",0.060,0.055
101,102,IJM [S],3336,s,1.860,1.940,-0.080,-4.12,"52,690","5,643",1.860,1.870,456,1.940,1.860
102,103,MINETEC [S],7219,s,0.125,0.125,-,-,"52,550","65,911",0.120,0.125,"103,192",0.125,0.120
103,104,AXIATA [S],6888,s,4.060,4.180,-0.120,-2.87,"52,474","2,313",4.060,4.070,500,4.150,4.010
104,105,SPSETIA [S],8664,[c]  s,1.200,1.270,-0.070,-5.51,"51,607","10,201",1.200,1.210,"1,534",1.260,1.200
105,106,T7GLOBAL [S],7228,s,0.435,0.415,+0.020,+4.82,"50,506","1,123",0.425,0.435,"3,753",0.435,0.395
106,107,MERIDIAN [S],5040,s,0.075,0.085,-0.010,-11.76,"50,135","14,111",0.070,0.075,"9,502",0.080,0.070
107,108,FRONTKN [S],0128,[c]  s,2.290,2.270,+0.020,+0.88,"48,792",154,2.290,2.300,"9,636",2.330,2.230
108,109,VIZIONE [S],7070,s,0.680,0.720,-0.040,-5.56,"48,762",160,0.675,0.680,"10,684",0.710,0.665
109,110,XINHWA [S],5267,s,0.615,0.615,-,-,"48,761",109,0.615,0.620,560,0.625,0.535
110,111,REVENUE-WA [S],0200WA,0.615,0.615,-,-,"48,667",755,0.615,0.620,150,0.630,0.575,0200WA
111,112,DIGI [S],6947,[x]  s,4.060,4.160,-0.100,-2.40,"48,612","10,479",4.060,4.070,5,4.160,4.020
112,113,NAIM [S],5073,s,1.030,1.050,-0.020,-1.90,"46,638",298,1.020,1.030,275,1.080,0.990
113,114,RSAWIT [S],5113,s,0.230,0.235,-0.005,-2.13,"46,170","1,500",0.225,0.230,"9,887",0.230,0.220
114,115,IOICORP [S],1961,[c]  s,4.190,4.170,+0.020,+0.48,"46,058",149,4.180,4.190,154,4.250,4.100
115,116,REACH-WA [S],5256WA,s,0.020,0.025,-0.005,-20.00,"45,662","93,318",0.020,0.025,"64,966",0.025,0.020
116,117,AZRB [S],7078,s,0.280,0.280,-,-,"45,427",536,0.275,0.280,"1,954",0.320,0.275
117,118,GFM [S],0039,0.175,0.200,-0.025,-12.50,"44,845",250,0.170,0.175,240,0.185,0.150,0039
118,119,GKENT [S],3204,s,0.865,0.820,+0.045,+5.49,"43,757",369,0.865,0.870,300,0.920,0.840
119,120,VIS-WB [S],0120WB,0.315,0.265,+0.050,+18.87,"43,657","1,816",0.315,0.320,380,0.315,0.245,0120WB
120,121,IOIPG [S],5249,s,0.985,1.010,-0.025,-2.48,"43,589","7,954",0.985,0.990,500,1.020,0.950
121,122,SKPRES [S],7155,s,1.270,1.330,-0.060,-4.51,"43,391","1,185",1.270,1.280,333,1.320,1.260
122,123,KGROUP [S],0036,0.030,0.030,-,-,"42,604","19,040",0.025,0.030,"12,891",0.030,0.020,0036
123,124,PELIKAN [S],5231,s,0.400,0.405,-0.005,-1.23,"42,421",652,0.400,0.405,232,0.415,0.380
124,125,MISC [S],3816,[x]  s,7.360,7.470,-0.110,-1.47,"41,990","2,095",7.360,7.370,1,7.430,7.180
125,126,WCT-WE [S],9679WE,s,0.010,0.010,-,-,"39,972","130,192",0.005,0.010,"35,707",0.010,0.010
126,127,ARBB [S],7181,s,0.225,0.235,-0.010,-4.26,"39,937","8,539",0.220,0.225,"7,630",0.230,0.215
127,128,WIDAD-WA [S],0162WA,0.190,0.195,-0.005,-2.56,"39,723",240,0.185,0.190,"4,140",0.195,0.180,0162WA
128,129,PERMAJU [S],7080,s,0.810,0.815,-0.005,-0.61,"39,041","1,200",0.800,0.810,"1,089",0.830,0.805
129,130,OCNCASH [S],0049,s,0.445,0.445,-,-,"39,040",83,0.445,0.450,240,0.465,0.430
130,131,DNEX [S],4456,s,0.215,0.215,-,-,"38,802","7,804",0.210,0.215,"7,694",0.215,0.205
131,132,CMSB [S],2852,s,2.050,1.910,+0.140,+7.33,"38,448",309,2.050,2.060,130,2.070,1.880
132,133,KHEESAN [S],6203,s,0.375,0.340,+0.035,+10.29,"38,093",487,0.370,0.375,"2,470",0.400,0.340
133,134,PPHB [S],8273,[c]  s,0.725,0.740,-0.015,-2.03,"37,886",351,0.715,0.725,"1,002",0.735,0.690
134,135,GCB [S],5102,s,2.630,2.510,+0.120,+4.78,"37,813",22,2.630,2.640,50,2.670,2.420
135,136,PA-WB [S],7225WB,s,0.030,0.035,-0.005,-14.29,"37,044","30,326",0.030,0.035,"39,676",0.030,0.030
136,137,WPRTS [S],5246,s,3.320,3.440,-0.120,-3.49,"36,827",204,3.320,3.380,84,3.480,3.300
137,138,NEXGRAM [S],0096,0.010,0.010,-,-,"36,249","959,228",0.005,0.010,"24,866",0.010,0.010,0096
138,139,PARAMON [S],1724,[c]  s,1.400,1.290,+0.110,+8.53,"36,114",171,1.390,1.400,738,1.410,1.330
139,140,KUB [S],6874,s,0.335,0.310,+0.025,+8.06,"35,551",946,0.330,0.340,640,0.360,0.310
140,141,AGES [S],7145,s,0.085,0.090,-0.005,-5.56,"35,282","42,604",0.085,0.090,"15,633",0.090,0.085
141,142,DUFU [S],7233,s,4.250,4.270,-0.020,-0.47,"34,682",1,4.250,4.260,300,4.280,4.070
142,143,ECOWLD [S],8206,s,0.640,0.635,+0.005,+0.79,"33,956","1,699",0.635,0.640,"3,000",0.640,0.615
143,144,DNEX-WD [S],4456WD,s,0.025,0.025,-,-,"33,261","36,841",0.020,0.025,"64,968",0.025,0.020
144,145,BORNOIL-WC [S],7036WC,s,0.015,0.015,-,-,"33,001","4,143",0.010,0.015,"95,490",0.015,0.010
145,146,LAYHONG [S],9385,s,0.365,0.370,-0.005,-1.35,"32,999",832,0.365,0.370,"2,685",0.370,0.350
146,147,BORNOIL [S],7036,s,0.040,0.040,-,-,"32,765","552,327",0.035,0.040,"151,411",0.040,0.035
147,148,IMPIANA [S],7243,s,0.105,0.100,+0.005,+5.00,"32,704","4,527",0.100,0.105,"7,148",0.105,0.095
148,149,YONGTAI-WA [S],7066WA,s,0.005,0.005,-,-,"32,499","19,748",0.005,0.010,"14,311",0.005,0.005
149,150,EDUSPEC-WB [S],0107WB,0.010,0.015,-0.005,-33.33,"32,000","216,486",0.010,0.015,"89,688",0.015,0.010,0107WB
150,151,VC [S],0060,0.060,0.065,-0.005,-7.69,"31,824","4,216",0.060,0.065,"20,175",0.060,0.055,0060
151,152,SIME [S],4197,[c]  s,1.960,2.000,-0.040,-2.00,"31,352",887,1.960,1.970,250,2.020,1.950
152,153,JADI [S],7223,s,0.045,0.050,-0.005,-10.00,"31,140","68,600",0.040,0.045,"16,360",0.050,0.045
153,154,MUHIBAH [S],5703,s,1.380,1.620,-0.240,-14.81,"30,526","1,582",1.380,1.390,20,1.520,1.380
154,155,MTRONIC [S],0043,s,0.035,0.035,-,-,"30,347","75,899",0.030,0.035,"41,386",0.035,0.030
155,156,RUBEREX [S],7803,s,0.740,0.730,+0.010,+1.37,"29,913",563,0.740,0.750,"1,250",0.755,0.710
156,157,D&O [S],7204,s,0.705,0.705,-,-,"29,793",5,0.705,0.710,258,0.710,0.660
157,158,CARIMIN [S],5257,[c]  s,1.040,1.100,-0.060,-5.45,"29,766",272,1.040,1.050,350,1.060,1.030
158,159,GDEX [S],0078,s,0.200,0.210,-0.010,-4.76,"29,736","12,250",0.195,0.200,26,0.205,0.195
159,160,DOLPHIN [S],5265,s,0.075,0.075,-,-,"29,730","21,808",0.070,0.075,"2,837",0.075,0.070
160,161,BIOHLDG [S],0179,0.140,0.150,-0.010,-6.67,"29,698","6,775",0.135,0.140,"1,796",0.145,0.135,0179
161,162,DATAPRP [S],8338,s,0.160,0.165,-0.005,-3.03,"29,438","11,822",0.150,0.160,"2,188",0.160,0.150
162,163,BAHVEST-WA [S],0098WA,0.285,0.285,-,-,"29,430",700,0.285,0.290,820,0.285,0.265,0098WA
163,164,DGSB [S],0131,0.080,0.080,-,-,"28,858","11,343",0.080,0.085,"17,719",0.085,0.080,0131
164,165,MELEWAR [S],3778,s,0.220,0.220,-,-,"28,719","2,200",0.215,0.220,"2,176",0.220,0.205
165,166,MUIPROP [S],3913,s,0.190,0.200,-0.010,-5.00,"28,418",315,0.190,0.195,"3,291",0.200,0.180
166,167,PMETAL [S],8869,[c]  s,4.650,4.660,-0.010,-0.21,"28,118",777,4.650,4.670,71,4.690,4.600
167,168,SRIDGE [S],0129,0.370,0.365,+0.005,+1.37,"27,927","3,090",0.365,0.370,"2,487",0.370,0.365,0129
168,169,QES [S],0196,0.165,0.165,-,-,"27,042","2,240",0.165,0.170,"6,150",0.165,0.160,0196
169,170,EFORCE [S],0065,s,0.405,0.400,+0.005,+1.25,"26,745","4,732",0.400,0.405,8,0.435,0.395
170,171,SEDANIA [S],0178,0.165,0.155,+0.010,+6.45,"26,498","10,532",0.155,0.165,"2,803",0.165,0.150,0178
171,172,UZMA [S],7250,s,0.680,0.705,-0.025,-3.55,"26,090",65,0.675,0.680,453,0.695,0.655
172,173,OCR [S],7071,s,0.250,0.250,-,-,"25,977","2,825",0.245,0.250,"1,666",0.250,0.245
173,174,EG [S],8907,s,0.295,0.305,-0.010,-3.28,"25,659","5,491",0.290,0.300,650,0.300,0.285
174,175,MCT [S],5182,s,0.215,0.215,-,-,"25,168","6,424",0.215,0.220,"2,878",0.220,0.210
175,176,ICONIC [S],9113,s,0.315,0.320,-0.005,-1.56,"25,018",318,0.310,0.315,"5,447",0.320,0.305
176,177,TM [S],4863,[c]  s,3.670,3.700,-0.030,-0.81,"24,976",466,3.670,3.710,20,3.720,3.520
177,178,DNONCE [S],7114,s,0.220,0.205,+0.015,+7.32,"24,950","1,128",0.220,0.225,"1,263",0.235,0.205
178,179,VELESTO-WA [S],5243WA,s,0.090,0.090,-,-,"24,909","7,600",0.085,0.090,"11,312",0.090,0.080
179,180,FITTERS [S],9318,s,0.325,0.325,-,-,"24,496",250,0.325,0.330,"2,090",0.330,0.315
180,181,IKHMAS [S],5268,s,0.060,0.070,-0.010,-14.29,"24,458","13,661",0.060,0.065,"2,794",0.070,0.060
181,182,UMW [S],4588,[c]  s,3.110,3.160,-0.050,-1.58,"23,979",20,3.050,3.110,164,3.160,2.950
182,183,PTRANS-WA [S],0186WA,s,0.010,0.015,-0.005,-33.33,"23,430","62,290",0.010,0.015,"60,920",0.015,0.010
183,184,MALTON [S],6181,s,0.400,0.400,-,-,"23,331",507,0.390,0.400,"2,994",0.405,0.380
184,185,EURO [S],7208,s,0.200,0.200,-,-,"23,209","170,638",0.195,0.200,100,0.200,0.195
185,186,TECHBND [S],5289,s,0.820,0.870,-0.050,-5.75,"22,742",470,0.820,0.825,135,0.880,0.820
186,187,COMFORT [S],2127,s,0.830,0.820,+0.010,+1.22,"22,735",44,0.825,0.830,80,0.835,0.810
187,188,KAB [S],0193,0.745,0.750,-0.005,-0.67,"22,500",100,0.740,0.745,770,0.780,0.720,0193
188,189,MAXIS [S],6012,[c]  s,5.450,5.430,+0.020,+0.37,"22,435",331,5.430,5.450,"1,000",5.510,5.410
189,190,NOTION-WC [S],0083WC,s,0.660,0.605,+0.055,+9.09,"22,189","1,147",0.660,0.665,350,0.665,0.585
190,191,K1 [S],0111,0.190,0.190,-,-,"22,059",84,0.190,0.195,"2,671",0.195,0.170,0111
191,192,KPJ [S],5878,[c]  s,0.970,0.970,-,-,"21,873",931,0.960,0.970,"16,651",0.970,0.955
192,193,MALAKOF [S],5264,s,0.875,0.870,+0.005,+0.57,"21,808","2,260",0.870,0.875,236,0.880,0.850
193,194,STAR [S],6084,[c]  s,0.395,0.375,+0.020,+5.33,"21,803","1,241",0.390,0.395,"1,000",0.420,0.390
194,195,LUXCHEM [S],5143,[c]  s,0.505,0.515,-0.010,-1.94,"21,392",200,0.500,0.505,150,0.505,0.490
195,196,SUCCESS [S],7207,s,0.710,0.700,+0.010,+1.43,"21,100",2,0.710,0.715,200,0.715,0.695
196,197,KOMARK [S],7017,s,0.220,0.205,+0.015,+7.32,"20,796","1,050",0.215,0.220,"3,882",0.220,0.200
197,198,LKL [S],0182,0.150,0.145,+0.005,+3.45,"20,761","6,354",0.145,0.150,"2,749",0.150,0.135,0182
198,199,SALCON [S],8567,s,0.190,0.195,-0.005,-2.56,"20,624","13,700",0.190,0.195,"9,146",0.195,0.190
199,200,BRAHIMS [S],9474,s,0.215,0.260,-0.045,-17.31,"20,248",183,0.215,0.220,988,0.240,0.205
200,201,LYC [S],0075,0.230,0.245,-0.015,-6.12,"20,197",500,0.225,0.230,118,0.245,0.220,0075
201,202,HIBISCS-WC [S],5199WC,s,0.125,0.140,-0.015,-10.71,"20,021","1,403",0.125,0.130,"1,838",0.130,0.110
202,203,DRBHCOM [S],1619,s,2.140,2.220,-0.080,-3.60,"19,893","4,962",2.140,2.150,301,2.210,2.070
203,204,SOLID [S],5242,s,0.335,0.325,+0.010,+3.08,"19,842","3,567",0.335,0.340,"3,631",0.340,0.305
204,205,GTRONIC [S],7022,[c]  s,2.090,2.080,+0.010,+0.48,"19,538",258,2.090,2.130,194,2.140,2.020
205,206,MFCB [S],3069,s,5.050,5.120,-0.070,-1.37,"19,491",20,5.050,5.090,214,5.100,4.840
206,207,KOSSAN [S],7153,s,4.800,4.800,-,-,"19,437",50,4.760,4.800,"2,363",4.860,4.660
207,208,UEMS [S],5148,s,0.575,0.590,-0.015,-2.54,"19,409",16,0.575,0.585,316,0.610,0.565
208,209,DGB-WB [S],0152WB,0.005,0.010,-0.005,-50.00,"19,360",-,-,0.005,"22,842",0.005,0.005,0152WB
209,210,GFM-WC [S],0039WC,0.040,0.045,-0.005,-11.11,"19,277","8,105",0.035,0.040,"5,841",0.040,0.035,0039WC
210,211,SALUTE [S],0183,[c]  s,0.675,0.645,+0.030,+4.65,"19,227",194,0.670,0.675,585,0.680,0.610
211,212,SIMEPROP [S],5288,[c]  s,0.750,0.775,-0.025,-3.23,"19,051","6,747",0.750,0.755,806,0.760,0.745
212,213,EG-WC [S],8907WC,s,0.035,0.035,-,-,"18,973","2,000",0.030,0.035,848,0.040,0.030
213,214,WCT [S],9679,s,0.665,0.650,+0.015,+2.31,"18,520",50,0.660,0.665,866,0.685,0.630
214,215,DWL [S],7165,s,0.325,0.315,+0.010,+3.17,"18,441",120,0.310,0.330,800,0.345,0.255
215,216,POHKONG [S],5080,s,0.505,0.520,-0.015,-2.88,"18,398",27,0.505,0.510,670,0.520,0.480
216,217,GHLSYS [S],0021,s,1.590,1.610,-0.020,-1.24,"18,221",8,1.590,1.600,60,1.600,1.530
217,218,AXREIT [S],5106,s,1.980,1.930,+0.050,+2.59,"17,890",253,1.950,1.980,"1,328",1.980,1.900
218,219,TALIWRK [S],8524,[c]  s,0.820,0.830,-0.010,-1.20,"17,563",252,0.810,0.820,"4,070",0.850,0.810
219,220,PHB [S],4464,s,0.005,0.005,-,-,"17,525","2,462,629",0.005,0.010,"2,052,519",0.010,0.005
220,221,GADANG [S],9261,s,0.560,0.570,-0.010,-1.75,"17,390",600,0.560,0.565,187,0.570,0.545
221,222,MMSV [S],0113,[c]  s,0.700,0.690,+0.010,+1.45,"17,305",189,0.690,0.700,247,0.710,0.670
222,223,SUNWAY-WB [S],5211WB,s,0.345,0.355,-0.010,-2.82,"16,973",70,0.340,0.345,"1,723",0.350,0.340
223,224,TECFAST [S],0084,0.390,0.380,+0.010,+2.63,"16,969",297,0.390,0.395,"1,040",0.400,0.360,0084
224,225,PRLEXUS-WA [S],8966WA,s,0.085,0.090,-0.005,-5.56,"16,488",361,0.075,0.085,"1,422",0.085,0.070
225,226,JOHOTIN [S],7167,[c]  s,1.540,1.590,-0.050,-3.14,"16,034",204,1.540,1.550,"2,513",1.560,1.520
226,227,BPURI [S],5932,s,0.080,0.080,-,-,"15,911","5,600",0.075,0.080,"12,753",0.080,0.070
227,228,TIGER-WC [S],7079WC,s,0.005,0.005,-,-,"15,520",-,-,0.005,"12,000",0.005,0.005
228,229,TEKSENG [S],7200,s,0.200,0.210,-0.010,-4.76,"15,477","2,791",0.200,0.205,630,0.210,0.200
229,230,PETGAS [S],6033,[c]  s,16.500,16.620,-0.120,-0.72,"15,385",131,16.480,16.700,23,16.700,16.280
230,231,CENSOF [S],5195,s,0.120,0.105,+0.015,+14.29,"15,335","2,128",0.120,0.125,"4,020",0.125,0.100
231,232,MASTEEL [S],5098,s,0.360,0.360,-,-,"15,186","1,022",0.355,0.360,"1,129",0.360,0.345
232,233,HHGROUP [S],0175,0.215,0.350,-0.135,-38.57,"15,052",10,0.215,0.225,800,0.230,0.190,0175
233,234,MMCCORP [S],2194,s,0.865,0.880,-0.015,-1.70,"15,010",410,0.865,0.880,490,0.880,0.835
234,235,BPLANT [S],5254,s,0.455,0.490,-0.035,-7.14,"14,926",64,0.445,0.455,14,0.485,0.445
235,236,AASIA [S],7054,s,0.090,0.095,-0.005,-5.26,"14,875","8,118",0.090,0.095,"2,625",0.095,0.090
236,237,SEALINK [S],5145,s,0.335,0.335,-,-,"14,853","1,300",0.330,0.335,306,0.340,0.315
237,238,MAHSING [S],8583,s,0.640,0.675,-0.035,-5.19,"14,672",241,0.640,0.645,946,0.660,0.640
238,239,ASIAPLY [S],0105,0.060,0.050,+0.010,+20.00,"14,594","13,416",0.050,0.060,"5,366",0.060,0.050,0105
239,240,SCABLE [S],5170,s,0.220,0.245,-0.025,-10.20,"14,227","1,170",0.220,0.230,161,0.245,0.215
240,241,PNEPCB [S],6637,s,0.460,0.460,-,-,"14,223",50,0.430,0.460,203,0.460,0.410
241,242,BARAKAH [S],7251,s,0.020,0.020,-,-,"14,054","69,441",0.020,0.025,"14,330",0.025,0.020
242,243,YINSON [S],7293,s,6.950,7.150,-0.200,-2.80,"14,053","2,813",6.950,6.960,21,7.050,6.820
243,244,EVERGRN [S],5101,s,0.210,0.215,-0.005,-2.33,"13,869",230,0.210,0.215,"1,930",0.215,0.200
244,245,GBGAQRS [S],5226,s,1.040,1.010,+0.030,+2.97,"13,827",205,1.040,1.050,100,1.060,1.010
245,246,STRAITS [S],0080,0.205,0.205,-,-,"13,690","1,000",0.200,0.205,"3,399",0.205,0.195,0080
246,247,BAUTO [S],5248,s,1.760,1.780,-0.020,-1.12,"13,638","1,190",1.750,1.760,99,1.780,1.740
247,248,POS [S],4634,s,1.120,1.140,-0.020,-1.75,"13,502",175,1.110,1.120,680,1.170,1.080
248,249,K1-WC [S],0111WC,0.055,0.055,-,-,"13,333",274,0.055,0.060,"2,700",0.055,0.050,0111WC
249,250,LAYHONG-WA [S],9385WA,s,0.090,0.090,-,-,"13,320",420,0.090,0.095,"3,700",0.090,0.090
250,251,TAKAFUL [S],6139,s,4.570,4.740,-0.170,-3.59,"13,320","1,034",4.560,4.570,"3,733",4.680,4.550
251,252,ECONBHD-WA [S],5253WA,s,0.135,0.130,+0.005,+3.85,"13,256",145,0.135,0.140,"1,961",0.135,0.125
252,253,ORNA [S],5065,[c]  s,1.230,1.280,-0.050,-3.91,"13,210",875,1.230,1.250,20,1.280,1.180
253,254,MELEWAR-WB [S],3778WB,s,0.100,0.105,-0.005,-4.76,"13,116","16,380",0.095,0.100,"1,501",0.100,0.095
254,255,LIONIND [S],4235,s,0.335,0.340,-0.005,-1.47,"12,966",12,0.330,0.335,363,0.335,0.315
255,256,L&G [S],3174,s,0.120,0.125,-0.005,-4.00,"12,781","46,539",0.115,0.120,591,0.120,0.115
256,257,FOCUSP [S],0157,0.640,0.620,+0.020,+3.23,"12,729",6,0.640,0.645,511,0.645,0.600,0157
257,258,KKB [S],9466,s,1.980,1.960,+0.020,+1.02,"12,728",533,1.980,2.010,100,2.050,1.870
258,259,TAS [S],5149,s,0.275,0.260,+0.015,+5.77,"12,724",708,0.260,0.275,469,0.275,0.240
259,260,PIE [S],7095,s,1.330,1.390,-0.060,-4.32,"12,415",360,1.330,1.350,303,1.350,1.260
260,261,BPURI-WA [S],5932WA,s,0.025,0.025,-,-,"12,370","89,830",0.020,0.025,"14,770",0.025,0.020
261,262,TAANN [S],5012,[c]  s,2.860,2.980,-0.120,-4.03,"12,361",12,2.860,2.870,18,2.900,2.850
262,263,GUNUNG [S],7676,s,0.540,0.550,-0.010,-1.82,"12,303",841,0.535,0.540,190,0.550,0.525
263,264,KPS [S],5843,s,0.590,0.570,+0.020,+3.51,"12,265",200,0.565,0.590,441,0.600,0.530
264,265,PCCS-WA [S],6068WA,s,0.085,0.090,-0.005,-5.56,"12,140",550,0.085,0.090,"7,390",0.085,0.080
265,266,TROP [S],5401,s,0.880,0.875,+0.005,+0.57,"11,995",800,0.865,0.880,"1,986",0.880,0.860
266,267,EWEIN [S],7249,s,0.390,0.430,-0.040,-9.30,"11,941",511,0.385,0.390,675,0.410,0.380
267,268,HLT [S],0188,0.185,0.185,-,-,"11,830",850,0.175,0.185,"2,619",0.185,0.170,0188
268,269,SUNCON [S],5263,[c]  s,1.770,1.870,-0.100,-5.35,"11,764",70,1.770,1.800,10,1.870,1.750
269,270,IBHD [S],4251,s,0.195,0.195,-,-,"11,549","2,502",0.190,0.195,"3,495",0.195,0.185
270,271,JFTECH [S],0146,1.620,1.680,-0.060,-3.57,"11,546",100,1.610,1.620,85,1.660,1.580,0146
271,272,GBGAQRS-WB [S],5226WB,s,0.275,0.275,-,-,"11,469",756,0.270,0.275,5,0.300,0.270
272,273,SYMLIFE-WB [S],1538WB,s,0.010,0.010,-,-,"11,412",13,0.010,0.015,"8,209",0.010,0.010
273,274,HEVEA [S],5095,[c]  s,0.410,0.415,-0.005,-1.20,"11,347",18,0.410,0.415,50,0.425,0.410
274,275,HIAPTEK [S],5072,s,0.185,0.190,-0.005,-2.63,"11,122",300,0.185,0.190,"4,579",0.190,0.180
275,276,HTPADU [S],5028,s,0.975,0.920,+0.055,+5.98,"10,637",10,0.970,0.975,10,0.980,0.935
276,277,CCK-WA [S],7035WA,s,0.070,0.075,-0.005,-6.67,"10,442","4,301",0.065,0.070,402,0.075,0.070
277,278,PRG [S],7168,s,0.560,0.560,-,-,"10,376",15,0.555,0.560,"1,336",0.560,0.535
278,279,MRCB-WB [S],1651WB,s,0.195,0.185,+0.010,+5.41,"10,359",1,0.190,0.195,780,0.205,0.180
279,280,AEON [S],6599,s,1.310,1.380,-0.070,-5.07,"10,202","2,465",1.310,1.320,544,1.350,1.310
280,281,AEMULUS [S],0181,0.170,0.170,-,-,"10,129","5,080",0.165,0.170,41,0.170,0.165,0181
281,282,LCTITAN [S],5284,s,1.560,1.580,-0.020,-1.27,"10,060",259,1.560,1.570,37,1.590,1.500
282,283,EWEIN-WB [S],7249WB,s,0.115,0.125,-0.010,-8.00,"10,022","11,548",0.115,0.125,"1,566",0.125,0.115
283,284,DPHARMA [S],7148,s,1.480,1.520,-0.040,-2.63,"10,021","1,175",1.480,1.500,82,1.520,1.450
284,285,CHGP [S],7187,s,0.300,0.300,-,-,"10,000","5,000",0.295,0.300,15,0.300,0.300
285,286,LOTUS [S],8303,s,0.140,0.145,-0.005,-3.45,"9,890","3,360",0.140,0.145,"2,785",0.145,0.140
286,287,VSOLAR [S],0066,0.030,0.035,-0.005,-14.29,"9,827","119,391",0.030,0.035,"45,667",0.035,0.030,0066
287,288,PETDAG [S],5681,[c]  s,21.940,22.840,-0.900,-3.94,"9,748",10,21.940,22.000,10,22.400,21.840
288,289,UCREST [S],0005,0.095,0.095,-,-,"9,691",502,0.095,0.100,"12,762",0.095,0.090,0005
289,290,GCB-WB [S],5102WB,s,1.130,1.030,+0.100,+9.71,"9,610",122,1.120,1.150,400,1.130,0.970
290,291,WASEONG [S],5142,[c]  s,1.180,1.160,+0.020,+1.72,"9,518",177,1.160,1.190,160,1.180,1.110
291,292,PPB [S],4065,[c]  s,18.280,18.100,+0.180,+0.99,"9,425",59,18.240,18.280,113,18.460,18.000
292,293,AWC [S],7579,[c]  s,0.410,0.425,-0.015,-3.53,"9,383",581,0.400,0.410,300,0.425,0.400
293,294,HLT-WA [S],0188WA,0.085,0.085,-,-,"9,378","5,300",0.080,0.085,750,0.090,0.080,0188WA
294,295,FPI [S],9172,[c]  s,1.630,1.630,-,-,"9,318","1,497",1.630,1.640,240,1.630,1.590
295,296,SERNKOU [S],7180,s,0.845,0.840,+0.005,+0.60,"9,278",51,0.830,0.845,594,0.855,0.830
296,297,AME [S],5293,s,1.630,1.650,-0.020,-1.21,"9,121",200,1.620,1.630,"4,013",1.700,1.600
297,298,PADINI [S],7052,[c]  s,3.020,3.020,-,-,"9,023","10,117",3.020,3.030,38,3.040,2.960
298,299,PARAMON-WA [S],1724WA,s,0.165,0.165,-,-,"8,950",765,0.160,0.165,16,0.170,0.160
299,300,SPRING [S],0216,0.215,0.225,-0.010,-4.44,"8,914",135,0.215,0.220,725,0.220,0.215,0216
300,301,KRETAM [S],1996,s,0.430,0.420,+0.010,+2.38,"8,869",50,0.430,0.435,67,0.435,0.430
301,302,TAMBUN [S],5191,s,0.655,0.655,-,-,"8,830",331,0.650,0.660,318,0.660,0.645
302,303,EMICO [S],9091,s,0.155,0.170,-0.015,-8.82,"8,719",697,0.155,0.165,200,0.170,0.150
303,304,BURSA [S],1818,s,5.470,5.510,-0.040,-0.73,"8,711","9,184",5.470,5.480,30,5.480,5.430
304,305,PCCS [S],6068,s,0.320,0.335,-0.015,-4.48,"8,678",170,0.320,0.325,"1,700",0.330,0.315
305,306,QL [S],7084,s,8.200,8.160,+0.040,+0.49,"8,631",23,8.190,8.200,280,8.260,8.060
306,307,INTA [S],0192,[c]  s,0.250,0.255,-0.005,-1.96,"8,587","3,561",0.245,0.255,"1,226",0.250,0.245
307,308,TGUAN [S],7034,s,3.820,3.880,-0.060,-1.55,"8,548",13,3.820,3.840,74,3.850,3.650
308,309,TFP [S],0145,0.080,0.080,-,-,"8,498",780,0.075,0.085,"9,904",0.085,0.075,0145
309,310,GNB [S],0045,0.050,0.050,-,-,"8,480","7,500",0.045,0.050,"1,729",0.050,0.045,0045
310,311,PESTECH [S],5219,s,1.140,1.180,-0.040,-3.39,"8,435",300,1.120,1.140,346,1.170,1.100
311,312,N2N [S],0108,0.615,0.650,-0.035,-5.38,"8,416",70,0.615,0.620,100,0.625,0.600,0108
312,313,KPOWER [S],7130,s,2.620,2.520,+0.100,+3.97,"8,399",68,2.620,2.640,20,2.690,2.460
313,314,MYSCM [S],0041,s,0.120,0.115,+0.005,+4.35,"8,381",154,0.115,0.120,757,0.120,0.095
314,315,JHM [S],0127,[c]  s,1.190,1.220,-0.030,-2.46,"8,337",850,1.190,1.200,210,1.210,1.160
315,316,SDS [S],0212,0.190,0.200,-0.010,-5.00,"8,299",111,0.190,0.200,100,0.200,0.190,0212
316,317,NGGB [S],7241,s,0.375,0.375,-,-,"8,255",220,0.365,0.375,"1,564",0.375,0.330
317,318,SNTORIA [S],5213,s,0.140,0.140,-,-,"8,215","1,700",0.125,0.140,"6,544",0.140,0.125
318,319,STRAITS-WA [S],0080WA,0.100,0.100,-,-,"8,110","10,890",0.095,0.100,"1,970",0.100,0.100,0080WA
319,320,CCK [S],7035,s,0.490,0.500,-0.010,-2.00,"8,019",994,0.490,0.495,750,0.500,0.480
320,321,ANCOM [S],4758,s,0.675,0.690,-0.015,-2.17,"8,012",359,0.655,0.675,197,0.690,0.645
321,322,LOTUS-WB [S],8303WB,s,0.085,0.075,+0.010,+13.33,"8,001",400,0.080,0.085,"1,489",0.085,0.075
322,323,GUNUNG-WB [S],7676WB,s,0.205,0.205,-,-,"7,958",10,0.205,0.210,"1,560",0.210,0.200
323,324,HOHUP [S],5169,s,0.530,0.540,-0.010,-1.85,"7,908",12,0.530,0.535,"1,050",0.540,0.510
324,325,HWGB [S],9601,s,0.110,0.115,-0.005,-4.35,"7,904","2,196",0.110,0.115,"1,081",0.115,0.105
325,326,ELSOFT [S],0090,[c]  s,0.735,0.735,-,-,"7,698",122,0.735,0.740,55,0.745,0.715
326,327,EATECH [S],5259,s,0.335,0.330,+0.005,+1.52,"7,593",763,0.335,0.340,"1,050",0.335,0.320
327,328,MESTRON [S],0207,0.115,0.115,-,-,"7,505","10,864",0.110,0.115,"10,835",0.115,0.105,0207
328,329,TEXCYCL [S],0089,0.295,0.320,-0.025,-7.81,"7,494",26,0.295,0.300,"2,700",0.300,0.280,0089
329,330,ADVCON [S],5281,s,0.320,0.330,-0.010,-3.03,"7,430",856,0.320,0.330,720,0.330,0.320
330,331,SCIENTX [S],4731,s,8.730,9.000,-0.270,-3.00,"7,417",897,8.730,8.930,12,8.790,8.500
331,332,JAKS-WB [S],4723WB,s,0.975,0.940,+0.035,+3.72,"7,374",870,0.975,0.980,16,0.985,0.890
332,333,BIMB-WA [S],5258WA,s,0.230,0.230,-,-,"7,232","62,228",0.225,0.230,"27,646",0.230,0.225
333,334,GETS [S],5079,s,0.115,0.110,+0.005,+4.55,"7,162","2,400",0.105,0.115,"1,827",0.115,0.100
334,335,SALCON-WB [S],8567WB,s,0.050,0.055,-0.005,-9.09,"7,160","17,367",0.045,0.050,"1,468",0.050,0.045
335,336,ORION-WA [S],0079WA,0.030,0.035,-0.005,-14.29,"7,150",450,0.030,0.035,"8,115",0.030,0.025,0079WA
336,337,HHHCORP [S],0160,0.085,0.090,-0.005,-5.56,"7,146",20,0.085,0.090,"3,400",0.085,0.085,0160
337,338,KARYON [S],0054,s,0.150,0.150,-,-,"7,126",900,0.150,0.155,667,0.155,0.140
338,339,GOCEAN [S],0074,0.100,0.105,-0.005,-4.76,"7,110","26,050",0.100,0.105,"7,421",0.105,0.100,0074
339,340,SENDAI [S],5205,s,0.320,0.340,-0.020,-5.88,"7,104",253,0.320,0.330,400,0.325,0.300
340,341,KLK [S],2445,s,21.720,21.840,-0.120,-0.55,"7,098",976,21.700,21.720,24,22.300,21.500
341,342,MSM [S],5202,s,0.710,0.715,-0.005,-0.70,"7,095",171,0.710,0.715,19,0.720,0.695
342,343,TOYOINK-WB [S],7173WB,s,0.070,0.070,-,-,"7,095","6,483",0.070,0.075,"5,626",0.075,0.070
343,344,GADANG-WB [S],9261WB,s,0.155,0.160,-0.005,-3.13,"7,093","1,770",0.150,0.155,652,0.160,0.150
344,345,MITRA [S],9571,s,0.255,0.255,-,-,"7,022",873,0.255,0.260,130,0.260,0.250
345,346,SCOMNET [S],0001,s,0.700,0.705,-0.005,-0.71,"7,013","1,094",0.695,0.700,99,0.710,0.685
346,347,HOMERIZ-WB [S],5160WB,s,0.160,0.160,-,-,"6,925",11,0.150,0.160,"3,236",0.160,0.145
347,348,HANDAL [S],7253,s,0.360,0.360,-,-,"6,858","1,712",0.360,0.365,300,0.370,0.345
348,349,VSTECS [S],5162,[c]  s,1.230,1.210,+0.020,+1.65,"6,802",9,1.220,1.230,305,1.250,1.150
349,350,KGB [S],0151,s,1.180,1.190,-0.010,-0.84,"6,759",813,1.170,1.180,834,1.190,1.160
350,351,BSTEAD [S],2771,s,0.755,0.800,-0.045,-5.63,"6,727",50,0.745,0.755,84,0.800,0.725
351,352,MAGNI [S],7087,s,2.170,2.270,-0.100,-4.41,"6,693",58,2.160,2.170,148,2.270,2.150
352,353,KANGER-WA [S],0170WA,0.035,0.035,-,-,"6,593","4,408",0.030,0.035,"3,349",0.035,0.030,0170WA
353,354,NWP [S],5025,s,0.175,0.175,-,-,"6,440",100,0.175,0.180,"1,000",0.175,0.160
354,355,E&O [S],3417,s,0.515,0.520,-0.005,-0.96,"6,392",197,0.515,0.520,484,0.520,0.505
355,356,CYPARK [S],5184,s,1.140,1.150,-0.010,-0.87,"6,302",10,1.130,1.140,619,1.150,1.100
356,357,SYF [S],7082,s,0.160,0.165,-0.005,-3.03,"6,300","7,913",0.155,0.160,"7,440",0.160,0.160
357,358,SCGM [S],7247,s,1.430,1.400,+0.030,+2.14,"6,267",194,1.430,1.440,570,1.430,1.370
358,359,VITROX [S],0097,s,8.270,8.400,-0.130,-1.55,"6,249",12,8.270,8.300,200,8.290,8.240
359,360,TIMECOM [S],5031,[c]  s,9.390,9.330,+0.060,+0.64,"6,225",466,9.390,9.500,291,9.450,9.300
360,361,SASBADI [S],5252,s,0.145,0.155,-0.010,-6.45,"6,196",500,0.150,0.155,"2,425",0.155,0.145
361,362,IMASPRO [S],7222,s,2.190,2.210,-0.020,-0.90,"6,095",13,2.060,2.190,"5,207",2.220,2.180
362,363,CONNECT [S],0102,0.100,0.095,+0.005,+5.26,"6,059",836,0.095,0.105,"2,365",0.100,0.095,0102
363,364,MEGASUN [S],0081,0.095,0.110,-0.015,-13.64,"6,050","1,781",0.095,0.100,"1,000",0.105,0.095,0081
364,365,BINTAI-WA [S],6998WA,s,0.005,0.005,-,-,"6,000",-,-,0.005,"14,416",0.005,0.005
365,366,FLBHD [S],5197,s,0.960,0.960,-,-,"6,000",600,0.960,0.970,30,0.960,0.940
366,367,MUDA [S],3883,s,1.300,1.340,-0.040,-2.99,"5,956",136,1.300,1.310,150,1.330,1.280
367,368,SRIDGE-WA [S],0129WA,0.180,0.175,+0.005,+2.86,"5,836","1,165",0.180,0.185,399,0.185,0.175,0129WA
368,369,CHINHIN [S],5273,[c]  s,0.585,0.575,+0.010,+1.74,"5,796",179,0.585,0.590,200,0.585,0.555
369,370,PHARMA [S],7081,s,1.660,1.740,-0.080,-4.60,"5,763",185,1.660,1.720,139,1.740,1.630
370,371,BINTAI [S],6998,s,0.095,0.100,-0.005,-5.00,"5,759",111,0.095,0.100,558,0.100,0.095
371,372,SCIB [S],9237,s,2.820,2.660,+0.160,+6.02,"5,759",8,2.810,2.820,311,2.820,2.530
372,373,PESONA [S],8311,s,0.170,0.180,-0.010,-5.56,"5,689","1,240",0.170,0.175,31,0.180,0.170
373,374,HENGYUAN [S],4324,s,3.560,3.590,-0.030,-0.84,"5,659",48,3.560,3.600,3,3.590,3.430
374,375,PTB [S],0038,0.160,0.160,-,-,"5,453","2,383",0.150,0.160,699,0.160,0.145,0038
375,376,PARLO [S],0022,0.075,0.080,-0.005,-6.25,"5,416","1,447",0.075,0.080,"4,286",0.075,0.075,0022
376,377,GLOTEC [S],5220,s,0.365,0.355,+0.010,+2.82,"5,382","3,003",0.355,0.365,"2,150",0.365,0.355
377,378,SEG [S],9792,s,0.625,0.630,-0.005,-0.79,"5,367",975,0.620,0.625,687,0.630,0.620
378,379,WZSATU [S],7245,s,0.180,0.180,-,-,"5,297","2,347",0.170,0.180,568,0.185,0.170
379,380,MINHO-WC [S],5576WC,s,0.050,0.050,-,-,"5,163","24,160",0.045,0.050,134,0.050,0.045
380,381,MBMR [S],5983,[c]  s,3.550,3.550,-,-,"5,094",236,3.550,3.590,10,3.610,3.470
381,382,PARKSON [S],5657,s,0.180,0.175,+0.005,+2.86,"5,069",849,0.170,0.180,"1,290",0.180,0.170
382,383,JIANKUN [S],8923,s,0.320,0.320,-,-,"5,000",100,0.310,0.345,10,-,-
383,384,MIECO [S],5001,s,0.250,0.260,-0.010,-3.85,"4,988",600,0.245,0.250,600,0.260,0.250
384,385,LBS [S],5789,s,0.460,0.465,-0.005,-1.08,"4,986","1,020",0.455,0.465,712,0.470,0.455
385,386,PANTECH [S],5125,[c]  s,0.465,0.470,-0.005,-1.06,"4,965",5,0.465,0.470,638,0.465,0.460
386,387,MHB [S],5186,s,0.735,0.750,-0.015,-2.00,"4,921","2,532",0.735,0.740,570,0.740,0.730
387,388,KLCC [S],5235SS,s,8.120,8.140,-0.020,-0.25,"4,874",119,8.120,8.140,309,8.140,8.110
388,389,SCNWOLF [S],7239,s,0.135,0.135,-,-,"4,846","2,171",0.130,0.135,583,0.135,0.130
389,390,ASIAPAC [S],4057,s,0.120,0.120,-,-,"4,845",10,0.120,0.125,"12,488",0.125,0.120
390,391,UOADEV [S],5200,s,1.920,1.950,-0.030,-1.54,"4,844",50,1.930,1.960,20,1.960,1.920
391,392,SMRT [S],0117,0.075,0.080,-0.005,-6.25,"4,831","1,630",0.075,0.080,720,0.085,0.075,0117
392,393,SCOMI [S],7158,s,0.025,0.030,-0.005,-16.67,"4,724","72,568",0.025,0.030,"18,768",0.030,0.025
393,394,OFI [S],7107,[c]  s,0.660,0.650,+0.010,+1.54,"4,654","1,260",0.655,0.665,74,0.665,0.650
394,395,XIANLNG [S],7121,s,0.550,0.545,+0.005,+0.92,"4,431",100,0.530,0.550,563,0.555,0.530
395,396,JKGLAND [S],6769,s,0.075,0.075,-,-,"4,408","2,958",0.070,0.075,"11,021",0.075,0.065
396,397,IDEAL [S],9687,[c]  s,1.350,1.440,-0.090,-6.25,"4,389",50,1.310,1.350,112,1.390,1.240
397,398,HUPSENG [S],5024,[c]  s,0.905,0.905,-,-,"4,381",632,0.900,0.905,447,0.910,0.900
398,399,PRTASCO [S],5070,s,0.330,0.330,-,-,"4,270",830,0.320,0.330,750,0.330,0.315
399,400,HOMERIZ [S],5160,s,0.605,0.610,-0.005,-0.82,"4,240",330,0.600,0.605,10,0.610,0.595
400,401,CSCSTEL [S],5094,s,1.030,1.060,-0.030,-2.83,"4,201",460,1.030,1.050,"1,226",1.060,1.030
401,402,SERSOL [S],0055,0.085,0.090,-0.005,-5.56,"4,200",532,0.080,0.085,"2,400",0.085,0.080,0055
402,403,SYMLIFE [S],1538,s,0.405,0.405,-,-,"4,137",100,0.385,0.405,399,0.410,0.380
403,404,BCMALL [S],0187,0.120,0.125,-0.005,-4.00,"4,073","1,375",0.120,0.125,"2,820",0.125,0.120,0187
404,405,ZELAN [S],2283,s,0.070,0.070,-,-,"3,984","4,427",0.060,0.070,"7,255",0.070,0.060
405,406,AHB [S],7315,s,0.080,0.080,-,-,"3,982",570,0.080,0.085,159,0.085,0.080
406,407,BTECH [S],0011,0.205,0.210,-0.005,-2.38,"3,960","5,510",0.205,0.210,500,0.215,0.205,0011
407,408,HSSEB [S],0185,s,0.660,0.705,-0.045,-6.38,"3,955",547,0.660,0.665,50,0.725,0.655
408,409,PUC-WA [S],0007WA,0.015,0.020,-0.005,-25.00,"3,945","19,410",0.015,0.020,"14,115",0.020,0.015,0007WA
409,410,MQTECH [S],0070,0.020,0.015,+0.005,+33.33,"3,915","56,336",0.015,0.020,"54,395",0.020,0.015,0070
410,411,MKLAND [S],8893,s,0.135,0.140,-0.005,-3.57,"3,867",280,0.135,0.140,"1,549",0.135,0.130
411,412,THPLANT [S],5112,s,0.350,0.360,-0.010,-2.78,"3,749",30,0.350,0.355,246,0.360,0.320
412,413,NIHSIN [S],7215,s,0.120,0.125,-0.005,-4.00,"3,694","5,421",0.115,0.120,"1,593",0.130,0.115
413,414,IDEAL-WB [S],9687WB,s,0.300,0.410,-0.110,-26.83,"3,660",177,0.300,0.340,10,0.365,0.260
414,415,TEOSENG [S],7252,[x]  s,1.040,1.050,-0.010,-0.95,"3,596",407,1.030,1.040,148,1.050,1.010
415,416,3A [S],0012,s,0.820,0.800,+0.020,+2.50,"3,563",82,0.815,0.820,"2,049",0.820,0.775
416,417,PRTASCO-WA [S],5070WA,s,0.055,0.060,-0.005,-8.33,"3,548","4,602",0.050,0.055,25,0.055,0.050
417,418,AISB [S],2682,s,0.200,0.220,-0.020,-9.09,"3,525",195,0.200,0.220,116,0.200,0.200
418,419,ZECON [S],7028,s,0.520,0.550,-0.030,-5.45,"3,476",1,0.520,0.525,50,0.530,0.490
419,420,SIGN-WA [S],7246WA,s,0.020,0.025,-0.005,-20.00,"3,445",260,0.020,0.025,5,0.020,0.020
420,421,DPS-WB [S],7198WB,s,0.035,0.035,-,-,"3,300","3,000",0.030,0.035,"3,275",0.035,0.030
421,422,HEXTAR [S],5151,[c]  s,0.605,0.605,-,-,"3,211","1,780",0.600,0.605,654,0.605,0.600
422,423,M3TECH [S],0017,0.040,0.040,-,-,"3,210","43,369",0.040,0.045,"10,200",0.040,0.040,0017
423,424,NGGB-WA [S],7241WA,s,0.035,0.040,-0.005,-12.50,"3,150",500,0.030,0.035,450,0.035,0.030
424,425,MATRIX [S],5236,[c]  s,1.930,1.940,-0.010,-0.52,"3,128",415,1.920,1.930,68,1.930,1.900
425,426,DPS [S],7198,s,0.080,0.070,+0.010,+14.29,"3,107","2,000",0.070,0.075,700,0.080,0.070
426,427,SEACERA [S],7073,s,0.230,0.230,-,-,"3,102",97,0.225,0.230,"1,332",0.240,0.220
427,428,SCOPE [S],0028,0.165,0.165,-,-,"3,100","1,320",0.160,0.170,146,0.170,0.160,0028
428,429,HIAPTEK-WB [S],5072WB,s,0.030,0.035,-0.005,-14.29,"3,042","8,768",0.030,0.035,"2,002",0.035,0.030
429,430,SCOMIES [S],7045,s,0.190,0.210,-0.020,-9.52,"3,028",150,0.185,0.190,182,0.210,0.190
430,431,ANCOMLB [S],0048,0.055,0.055,-,-,"3,000","7,563",0.055,0.060,"2,280",0.060,0.055,0048
431,432,RGTBHD-WB [S],9954WB,s,0.065,0.065,-,-,"3,000","1,200",0.055,0.065,286,0.065,0.065
432,433,NICE-WB [S],7139WB,s,0.025,0.025,-,-,"2,990","26,565",0.020,0.025,"5,279",0.025,0.025
433,434,OCR-PA [S],7071PA,s,0.020,0.025,-0.005,-20.00,"2,950","149,163",0.020,0.025,"13,552",0.020,0.020
434,435,PUNCAK [S],6807,s,0.245,0.250,-0.005,-2.00,"2,949",71,0.245,0.250,50,0.245,0.245
435,436,PRLEXUS [S],8966,s,0.675,0.710,-0.035,-4.93,"2,852",13,0.675,0.685,10,0.700,0.675
436,437,ANNJOO [S],6556,s,1.030,1.050,-0.020,-1.90,"2,804",428,1.020,1.030,190,1.050,1.010
437,438,ENGTEX [S],5056,s,0.745,0.705,+0.040,+5.67,"2,765",10,0.710,0.745,323,0.745,0.640
438,439,KESM [S],9334,s,8.240,8.640,-0.400,-4.63,"2,765",5,8.160,8.240,39,8.580,7.690
439,440,SMTRACK [S],0169,0.085,0.085,-,-,"2,700",222,0.085,0.090,50,0.085,0.085,0169
440,441,NOVA [S],0201,[c],0.510,0.510,-,-,"2,697","1,063",0.510,0.520,200,0.510,0.505
441,442,LIIHEN [S],7089,s,2.890,2.900,-0.010,-0.34,"2,671",28,2.870,2.890,34,2.890,2.850
442,443,DELEUM [S],5132,[c]  s,0.815,0.835,-0.020,-2.40,"2,670",746,0.815,0.825,100,0.830,0.810
443,444,TNLOGIS [S],8397,s,0.420,0.425,-0.005,-1.18,"2,634",412,0.420,0.425,230,0.420,0.415
444,445,MBL [S],5152,s,1.240,1.330,-0.090,-6.77,"2,631",164,1.240,1.260,109,1.300,1.240
445,446,TITIJYA [S],5239,s,0.280,0.280,-,-,"2,622",328,0.280,0.285,373,0.285,0.275
446,447,UNISEM [S],5005,s,2.050,2.010,+0.040,+1.99,"2,614",196,2.050,2.130,30,2.100,1.980
447,448,TALAMT [S],2259,s,0.030,0.030,-,-,"2,605","212,002",0.025,0.030,"168,164",0.030,0.025
448,449,COMPUGT [S],5037,s,0.020,0.020,-,-,"2,600","157,535",0.015,0.020,"65,458",0.020,0.020
449,450,GRANFLO [S],0056,s,0.245,0.245,-,-,"2,580",600,0.235,0.240,100,0.245,0.210
450,451,GENP [S],2291,s,10.020,10.020,-,-,"2,566",85,10.020,10.100,15,10.360,9.700
451,452,WELLCAL [S],7231,s,1.060,1.080,-0.020,-1.85,"2,523","1,010",1.050,1.070,424,1.080,1.060
452,453,APPASIA-WA [S],0119WA,0.110,0.110,-,-,"2,501","2,050",0.100,0.110,960,0.110,0.105,0119WA
453,454,CHGP-WA [S],7187WA,s,0.100,0.100,-,-,"2,500","7,657",0.100,0.120,"5,200",0.100,0.100
454,455,VERTICE [S],7240,s,0.645,0.700,-0.055,-7.86,"2,455",10,0.640,0.645,51,0.700,0.645
455,456,SYSCORP [S],5173,s,0.180,0.185,-0.005,-2.70,"2,450","1,200",0.175,0.180,459,0.180,0.165
456,457,APPASIA [S],0119,0.170,0.170,-,-,"2,423",553,0.165,0.170,23,0.180,0.165,0119
457,458,N2N-WB [S],0108WB,0.155,0.200,-0.045,-22.50,"2,308",9,0.150,0.170,350,0.155,0.145,0108WB
458,459,CRESBLD [S],8591,s,0.840,0.860,-0.020,-2.33,"2,285",270,0.840,0.845,310,0.855,0.840
459,460,WEGMANS [S],0197,s,0.210,0.215,-0.005,-2.33,"2,273","1,147",0.210,0.230,150,0.215,0.210
460,461,DANCO-WA [S],5276WA,s,0.145,0.175,-0.030,-17.14,"2,222",950,0.145,0.165,77,0.160,0.140
461,462,SIGGAS [S],5181,s,0.425,0.435,-0.010,-2.30,"2,221","4,000",0.420,0.425,6,0.430,0.420
462,463,CHINWEL [S],5007,[c]  s,1.180,1.180,-,-,"2,211",14,1.180,1.190,30,1.200,1.150
463,464,TRC [S],5054,s,0.365,0.370,-0.005,-1.35,"2,210",110,0.365,0.370,84,0.370,0.360
464,465,OKA [S],7140,[c]  s,0.690,0.685,+0.005,+0.73,"2,209",91,0.690,0.695,110,0.690,0.665
465,466,LEESK [S],8079,[c]  s,0.570,0.580,-0.010,-1.72,"2,207",135,0.545,0.560,40,0.575,0.455
466,467,DEGEM [S],7119,s,1.090,1.080,+0.010,+0.93,"2,141","3,960",1.080,1.090,"1,475",1.090,1.080
467,468,GESHEN [S],7197,s,0.430,0.400,+0.030,+7.50,"2,093",50,0.425,0.430,120,0.430,0.405
468,469,CARING [S],5245,s,2.580,2.580,-,-,"2,068","7,355",2.570,2.590,628,2.590,2.570
469,470,EKA [S],7182,s,0.040,0.035,+0.005,+14.29,"2,050","23,500",0.035,0.050,"4,450",0.040,0.040
470,471,ASDION [S],0068,0.095,0.090,+0.005,+5.56,"2,048",456,0.090,0.095,238,0.095,0.080,0068
471,472,AMVERTON [S],5959,s,1.200,1.200,-,-,"2,034",866,1.200,1.220,191,1.200,1.200
472,473,TANCO [S],2429,s,0.040,0.045,-0.005,-11.11,"2,023","15,551",0.035,0.040,27,0.040,0.040
473,474,INIX [S],0094,0.035,0.040,-0.005,-12.50,"2,020","48,646",0.035,0.040,"6,691",0.040,0.035,0094
474,475,MCLEAN-WB [S],0167WB,0.080,0.080,-,-,"2,009","3,000",0.070,0.080,11,0.080,0.065,0167WB
475,476,LFECORP [S],7170,s,0.170,0.165,+0.005,+3.03,"2,000","1,050",0.160,0.170,960,0.170,0.170
476,477,OCR-WD [S],7071WD,s,0.045,0.045,-,-,"2,000","5,500",0.040,0.045,"1,000",0.045,0.045
477,478,PASUKGB [S],0177,0.020,0.020,-,-,"2,000","6,098",0.020,0.025,"4,872",0.020,0.020,0177
478,479,SMI [S],4375,s,0.120,0.130,-0.010,-7.69,"1,955","5,540",0.120,0.130,605,0.130,0.120
479,480,KAWAN [S],7216,s,1.320,1.260,+0.060,+4.76,"1,899",200,1.300,1.350,70,1.320,1.250
480,481,F&N [S],3689,s,31.000,30.720,+0.280,+0.91,"1,891",55,31.000,31.080,14,31.700,30.500
481,482,CJCEN [S],7117,s,0.345,0.360,-0.015,-4.17,"1,865",885,0.345,0.350,63,0.350,0.345
482,483,POHUAT [S],7088,[c]  s,1.280,1.300,-0.020,-1.54,"1,842",65,1.270,1.280,180,1.280,1.260
483,484,DBHD-WA [S],3484WA,s,0.015,0.015,-,-,"1,808","2,092",0.015,0.020,24,0.020,0.015
484,485,TOMYPAK [S],7285,s,0.470,0.465,+0.005,+1.08,"1,719","2,098",0.465,0.470,"1,497",0.470,0.455
485,486,SWSCAP-WB [S],7186WB,s,0.060,0.060,-,-,"1,710","1,380",0.045,0.060,960,0.060,0.045
486,487,TASHIN [S],0211,0.215,0.210,+0.005,+2.38,"1,703","1,474",0.210,0.215,63,0.215,0.210,0211
487,488,SLP [S],7248,[c]  s,1.000,1.020,-0.020,-1.96,"1,700",68,1.000,1.080,24,1.050,1.000
488,489,PWROOT [S],7237,[c]  s,2.190,2.230,-0.040,-1.79,"1,698",815,2.190,2.200,52,2.220,2.180
489,490,CCM [S],2879,[c]  s,1.020,1.070,-0.050,-4.67,"1,681",369,1.020,1.060,299,1.070,1.020
490,491,MGRC [S],0155,0.185,0.205,-0.020,-9.76,"1,672",878,0.185,0.200,"1,017",0.205,0.185,0155
491,492,SUPERLN [S],7235,s,0.795,0.785,+0.010,+1.27,"1,666",43,0.795,0.800,122,0.800,0.765
492,493,CEPAT [S],8982,s,0.515,0.510,+0.005,+0.98,"1,656",274,0.515,0.520,9,0.525,0.505
493,494,BIMB [S],5258,s,3.730,3.780,-0.050,-1.32,"1,651",60,3.700,3.730,222,3.780,3.690
494,495,SINOTOP [S],8532,s,0.120,0.110,+0.010,+9.09,"1,632",20,0.115,0.120,170,0.125,0.100
495,496,PETRONM [S],3042,s,4.420,4.590,-0.170,-3.70,"1,615",2,4.410,4.430,6,4.600,4.350
496,497,SPSETIA-PB [S],8664PB,s,0.820,0.820,-,-,"1,609","1,252",0.815,0.820,30,0.820,0.815
497,498,NADIBHD [S],0206,[c],0.250,0.250,-,-,"1,581","8,275",0.245,0.250,"2,294",0.250,0.245
498,499,ARANK [S],7214,s,0.465,0.475,-0.010,-2.11,"1,558",482,0.460,0.470,202,0.470,0.460
499,500,WEGMANS-WA [S],0197WA,s,0.055,0.060,-0.005,-8.33,"1,558","1,523",0.055,0.075,453,0.060,0.055
500,501,MKH [S],6114,s,1.370,1.380,-0.010,-0.72,"1,548",167,1.370,1.380,100,1.380,1.340
501,502,KPPROP [S],7077,s,0.785,0.770,+0.015,+1.95,"1,534",106,0.785,0.790,50,0.785,0.755
502,503,LITRAK [S],6645,[c]  s,4.510,4.500,+0.010,+0.22,"1,513",3,4.510,4.600,20,4.510,4.480
503,504,MFCB-WA [S],3069WA,s,2.770,2.880,-0.110,-3.82,"1,506",20,2.750,2.770,55,2.900,2.600
504,505,PDZ-WB [S],6254WB,s,0.005,0.005,-,-,"1,500",-,-,0.005,"29,257",0.005,0.005
505,506,NTPM [S],5066,s,0.485,0.485,-,-,"1,411",106,0.480,0.485,296,0.490,0.480
506,507,SCOPE-WA [S],0028WA,0.015,0.015,-,-,"1,401","1,550",0.010,0.015,980,0.015,0.010,0028WA
507,508,EMETALL [S],7217,s,0.320,0.325,-0.005,-1.54,"1,364",399,0.320,0.325,200,0.340,0.320
508,509,GASMSIA [S],5209,[c]  s,2.800,2.800,-,-,"1,364","1,206",2.800,2.810,74,2.800,2.790
509,510,MMAG [S],0034,0.280,0.295,-0.015,-5.08,"1,350",500,0.275,0.290,"1,000",0.280,0.280,0034
510,511,PENERGY [S],5133,[c]  s,1.100,1.060,+0.040,+3.77,"1,334",163,1.080,1.100,156,1.100,1.060
511,512,FAJAR [S],7047,s,0.340,0.335,+0.005,+1.49,"1,314",936,0.335,0.340,4,0.340,0.335
512,513,APM [S],5015,s,1.960,2.000,-0.040,-2.00,"1,287",26,1.960,1.970,52,2.000,1.950
513,514,PRESTAR [S],9873,s,0.370,0.375,-0.005,-1.33,"1,286",250,0.365,0.375,275,0.370,0.360
514,515,ACOSTEC [S],7120,s,0.325,0.340,-0.015,-4.41,"1,285",250,0.320,0.335,300,0.340,0.325
515,516,HSPLANT [S],5138,[c]  s,1.540,1.600,-0.060,-3.75,"1,285",1,1.540,1.580,20,1.590,1.530
516,517,MTRONIC-WA [S],0043WA,s,0.010,0.010,-,-,"1,272","798,564",0.005,0.010,"24,862",0.010,0.005
517,518,TOYOINK [S],7173,s,0.650,0.660,-0.010,-1.52,"1,270",200,0.645,0.650,120,0.660,0.640
518,519,AWC-WA [S],7579WA,s,0.095,0.100,-0.005,-5.00,"1,237",300,0.090,0.095,"1,132",0.100,0.085
519,520,NICE [S],7139,s,0.055,0.055,-,-,"1,220","10,751",0.045,0.055,"4,104",0.055,0.050
520,521,WTK [S],4243,s,0.430,0.435,-0.005,-1.15,"1,219",32,0.430,0.440,281,0.435,0.420
521,522,BORNOIL-WD [S],7036WD,s,0.020,0.015,+0.005,+33.33,"1,187",408,0.015,0.020,"57,614",0.020,0.015
522,523,MYCRON [S],5087,s,0.290,0.315,-0.025,-7.94,"1,182",118,0.290,0.300,170,0.300,0.290
523,524,DWL-WA [S],7165WA,s,0.090,0.085,+0.005,+5.88,"1,164",21,0.080,0.090,496,0.090,0.070
524,525,MSC [S],5916,s,0.790,0.795,-0.005,-0.63,"1,164",411,0.790,0.795,100,0.790,0.790
525,526,CONNECT-WB [S],0102WB,0.035,0.020,+0.015,+75.00,"1,162",570,0.020,0.035,448,0.035,0.025,0102WB
526,527,LTKM [S],7085,[c]  s,1.320,1.330,-0.010,-0.75,"1,161",35,1.320,1.330,80,1.340,1.320
527,528,KERJAYA [S],7161,s,1.240,1.250,-0.010,-0.80,"1,143",100,1.210,1.240,263,1.250,1.170
528,529,KIMLUN [S],5171,s,1.010,1.020,-0.010,-0.98,"1,143",92,1.000,1.020,5,1.020,1.000
529,530,MINHO [S],5576,s,0.260,0.260,-,-,"1,140",111,0.260,0.275,"1,000",0.260,0.250
530,531,HPMT [S],5291,[c]  s,0.385,0.390,-0.005,-1.28,"1,129",1,0.385,0.390,"1,150",0.385,0.380
531,532,NESTLE [S],4707,[c]  s,140.200,143.000,-2.800,-1.96,"1,119",661,140.200,140.700,34,141.700,139.100
532,533,FIMACOR [S],3107,s,1.500,1.500,-,-,"1,118",20,1.500,1.550,234,1.500,1.480
533,534,TSH [S],9059,s,1.170,1.180,-0.010,-0.85,"1,112",20,1.140,1.170,54,1.170,1.110
534,535,LBALUM [S],9326,s,0.465,0.465,-,-,"1,100",280,0.465,0.475,"1,000",0.475,0.465
535,536,SYSTECH [S],0050,0.130,0.140,-0.010,-7.14,"1,100","1,938",0.130,0.135,250,0.135,0.130,0050
536,537,DBHD [S],3484,s,0.395,0.395,-,-,"1,093",100,0.385,0.395,99,0.400,0.380
537,538,GENETEC [S],0104,1.390,1.450,-0.060,-4.14,"1,082",19,1.390,1.440,40,1.400,1.340,0104
538,539,CNI [S],5104,s,0.055,0.055,-,-,"1,080","27,099",0.050,0.055,870,0.055,0.050
539,540,PLS [S],9695,s,0.640,0.645,-0.005,-0.78,"1,075",11,0.620,0.640,160,0.645,0.620
540,541,PWF [S],7134,s,0.620,0.695,-0.075,-10.79,"1,065",28,0.600,0.620,290,0.635,0.600
541,542,RGTBHD [S],9954,[c]  s,0.150,0.150,-,-,"1,048","2,492",0.150,0.155,"1,500",0.155,0.150
542,543,ADVENTA [S],7191,s,0.610,0.590,+0.020,+3.39,"1,047",14,0.610,0.620,70,0.610,0.610
543,544,KTB [S],4847,s,0.070,0.070,-,-,"1,038","1,463",0.065,0.070,"1,932",0.070,0.065
544,545,SMCAP [S],9776,s,0.125,0.120,+0.005,+4.17,"1,031",179,0.110,0.125,"1,551",0.125,0.110
545,546,CBIP [S],7076,s,0.890,0.905,-0.015,-1.66,"1,025",30,0.890,0.900,243,0.900,0.880
546,547,MICROLN [S],0126,0.900,0.900,-,-,"1,020",255,0.875,0.900,315,0.900,0.875,0126
547,548,YOCB [S],5159,s,0.795,0.830,-0.035,-4.22,"1,008",12,0.795,0.810,199,0.810,0.780
548,549,ASIAPLY-WA [S],0105WA,0.005,0.005,-,-,"1,000",-,-,0.005,"5,401",0.005,0.005,0105WA
549,550,EASTLND [S],2097,s,0.075,0.075,-,-,"1,000","5,300",0.075,0.080,"1,518",0.075,0.075
550,551,TANCO-WB [S],2429WB,s,0.010,0.010,-,-,"1,000","43,098",0.005,0.010,"5,816",0.010,0.010
551,552,GUH [S],3247,s,0.410,0.440,-0.030,-6.82,984,66,0.410,0.440,250,0.435,0.400
552,553,UCHITEC [S],7100,s,2.660,2.660,-,-,959,9,2.660,2.670,39,2.700,2.660
553,554,CANONE [S],5105,s,2.980,2.990,-0.010,-0.33,933,5,2.950,2.980,255,2.990,2.910
554,555,NATWIDE [S],9806,s,0.080,0.080,-,-,929,280,0.075,0.085,120,0.080,0.075
555,556,DOLPHIN-WA [S],5265WA,s,0.015,0.015,-,-,904,98,0.015,0.020,850,0.020,0.010
556,557,CAB [S],7174,[c]  s,0.335,0.330,+0.005,+1.52,903,290,0.330,0.335,684,0.335,0.320
557,558,KMLOONG [S],5027,s,1.200,1.200,-,-,902,170,1.180,1.250,220,1.200,1.160
558,559,YSPSAH [S],7178,s,1.980,2.010,-0.030,-1.49,886,157,1.980,1.990,31,2.000,1.900
559,560,BSLCORP [S],7221,s,0.230,0.250,-0.020,-8.00,872,59,0.210,0.230,49,0.230,0.210
560,561,BIOHLDG-WA [S],0179WA,0.045,0.040,+0.005,+12.50,863,347,0.040,0.045,"2,037",0.045,0.035,0179WA
561,562,DAIBOCI [S],8125,s,2.290,2.350,-0.060,-2.55,854,20,2.290,2.330,30,2.320,2.280
562,563,UNIMECH [S],7091,s,1.240,1.240,-,-,840,58,1.240,1.260,67,1.260,1.240
563,564,ULICORP [S],7133,s,0.440,0.440,-,-,835,130,0.425,0.440,560,0.440,0.420
564,565,NYLEX [S],4944,s,0.550,0.550,-,-,817,50,0.540,0.570,168,0.550,0.530
565,566,DANCO [S],5276,[c]  s,0.450,0.455,-0.005,-1.10,779,280,0.440,0.450,821,0.450,0.445
566,567,GOLDETF [S],0828EA,s,2.165,2.245,-0.080,-3.56,775,180,2.160,2.250,26,2.190,2.160
567,568,HIL [S],8443,s,0.560,0.560,-,-,766,358,0.560,0.580,50,0.560,0.560
568,569,HARNLEN [S],7501,s,0.530,0.455,+0.075,+16.48,755,200,0.460,0.530,240,0.530,0.455
569,570,HLIND [S],3301,s,9.200,9.300,-0.100,-1.08,754,11,9.150,9.200,31,9.300,9.000
570,571,TPC-WA [S],7176WA,s,0.075,0.120,-0.045,-37.50,751,500,0.065,0.075,99,0.075,0.065
571,572,LEWEKO [S],8745,s,0.180,0.180,-,-,750,4,0.175,0.180,796,0.180,0.170
572,573,KSL [S],5038,s,0.710,0.710,-,-,748,100,0.705,0.710,531,0.710,0.700
573,574,APB [S],5568,s,0.455,0.460,-0.005,-1.09,740,116,0.455,0.580,100,0.460,0.455
574,575,PECCA [S],5271,s,1.010,1.000,+0.010,+1.00,738,"2,132",1.000,1.010,100,1.030,1.000
575,576,ECOFIRS [S],3557,s,0.380,0.385,-0.005,-1.30,716,584,0.370,0.380,607,0.380,0.370
576,577,KHJB [S],0210,[c],0.235,0.245,-0.010,-4.08,695,"1,536",0.235,0.245,40,0.240,0.235
577,578,MAGNA [S],7617,s,0.825,0.795,+0.030,+3.77,689,20,0.820,0.825,40,0.825,0.815
578,579,ARK [S],7007,s,0.190,0.190,-,-,672,30,0.180,0.190,100,0.190,0.175
579,580,SEAL [S],4286,s,0.290,0.290,-,-,671,150,0.285,0.290,299,0.290,0.280
580,581,MYETFID [S],0824EA,[c]  s,1.145,1.140,+0.005,+0.44,667,330,1.110,1.140,330,1.145,1.140
581,582,JAYCORP [S],7152,s,0.985,0.990,-0.005,-0.51,664,11,0.970,0.985,70,0.985,0.965
582,583,HUAYANG [S],5062,s,0.310,0.310,-,-,660,200,0.305,0.310,1,0.320,0.310
583,584,WZSATU-WA [S],7245WA,s,0.095,0.090,+0.005,+5.56,660,700,0.085,0.095,270,0.095,0.085
584,585,YNHPROP [S],3158,s,2.680,2.630,+0.050,+1.90,654,5,2.620,2.680,68,2.680,2.620
585,586,MBL-WA [S],5152WA,s,0.460,0.490,-0.030,-6.12,650,390,0.445,0.470,130,0.470,0.430
586,587,SWKPLNT [S],5135,s,1.550,1.640,-0.090,-5.49,639,3,1.550,1.620,50,1.660,1.550
587,588,SWSCAP [S],7186,s,0.510,0.510,-,-,630,139,0.500,0.510,206,0.520,0.500
588,589,IQGROUP [S],5107,s,0.520,0.530,-0.010,-1.89,614,500,0.475,0.520,220,0.520,0.460
589,590,AEM [S],7146,s,0.090,0.080,+0.010,+12.50,600,900,0.080,0.090,400,0.090,0.085
590,591,EDARAN [S],5036,s,0.390,0.370,+0.020,+5.41,599,409,0.365,0.390,345,0.390,0.355
591,592,ECOHLDS [S],0059,s,0.170,0.170,-,-,576,6,0.160,0.170,78,0.170,0.160
592,593,COMPLET [S],5136,s,0.660,0.695,-0.035,-5.04,558,100,0.650,0.660,510,0.695,0.660
593,594,MPI [S],3867,s,10.800,10.920,-0.120,-1.10,551,14,10.700,10.900,7,10.800,10.320
594,595,MTDACPI [S],5924,s,0.140,0.140,-,-,546,54,0.140,0.145,114,0.140,0.135
595,596,INCKEN [S],2607,s,0.590,0.595,-0.005,-0.84,531,20,0.585,0.590,890,0.595,0.585
596,597,BOILERM [S],0168,s,0.550,0.560,-0.010,-1.79,530,"1,018",0.540,0.550,64,0.550,0.545
597,598,KAMDAR [S],8672,s,0.250,0.280,-0.030,-10.71,521,200,0.260,0.300,100,0.250,0.250
598,599,SAM [S],9822,s,7.690,7.500,+0.190,+2.53,515,28,7.660,7.690,1,7.690,7.480
599,600,PGLOBE [S],3611,s,0.970,0.930,+0.040,+4.30,510,100,0.900,0.970,500,0.970,0.900
600,601,SAPNRG-PA [S],5218PA,s,0.160,0.200,-0.040,-20.00,505,46,0.160,0.185,40,0.165,0.160
601,602,TPC [S],7176,s,0.255,0.290,-0.035,-12.07,502,300,0.240,0.255,8,0.265,0.210
602,603,GOB [S],1147,s,0.195,0.200,-0.005,-2.50,500,"1,700",0.195,0.200,"1,205",0.200,0.195
603,604,MERIDIAN-WA [S],5040WA,s,0.025,0.015,+0.010,+66.67,500,"1,001",0.010,0.025,949,0.025,0.010
604,605,MERIDIAN-WC [S],5040WC,s,0.010,0.010,-,-,500,"61,912",0.005,0.010,"9,000",0.010,0.010
605,606,PRIVA [S],0123,0.040,0.040,-,-,500,"4,528",0.035,0.040,"1,668",0.040,0.040,0123
606,607,SDRED [S],2224,s,0.545,0.560,-0.015,-2.68,490,292,0.545,0.560,380,0.550,0.545
607,608,HARBOUR [S],2062,s,0.600,0.595,+0.005,+0.84,482,50,0.600,0.620,112,0.600,0.590
608,609,CHOOBEE [S],5797,s,1.160,1.180,-0.020,-1.69,480,1,1.130,1.160,234,1.160,1.100
609,610,BTM [S],7188,s,0.100,0.105,-0.005,-4.76,478,152,0.100,0.115,110,0.100,0.100
610,611,MIKROMB [S],0112,0.190,0.205,-0.015,-7.32,473,265,0.190,0.195,807,0.205,0.185,0112
611,612,PBA [S],5041,s,1.000,1.030,-0.030,-2.91,471,199,1.000,1.010,63,1.030,1.000
612,613,CAELY-WA [S],7154WA,s,0.155,0.155,-,-,470,"1,140",0.150,0.170,600,0.155,0.150
613,614,DAIBOCI-WB [S],8125WB,s,0.485,0.480,+0.005,+1.04,470,300,0.465,0.485,245,0.485,0.420
614,615,PINEPAC [S],1902,s,0.295,0.315,-0.020,-6.35,469,201,0.295,0.305,227,0.305,0.295
615,616,MITRA-WE [S],9571WE,s,0.060,0.055,+0.005,+9.09,455,934,0.045,0.060,260,0.060,0.045
616,617,MCEMENT [S],3794,s,3.300,3.220,+0.080,+2.48,442,268,3.300,3.310,90,3.300,3.220
617,618,DKSH [S],5908,s,2.710,2.750,-0.040,-1.45,437,10,2.690,2.710,6,2.730,2.660
618,619,SERNKOU-WA [S],7180WA,s,0.440,0.405,+0.035,+8.64,402,60,0.405,0.435,742,0.440,0.405
619,620,CABNET-WA [S],0191WA,0.020,0.020,-,-,400,100,0.020,0.030,"1,000",0.020,0.020,0191WA
620,621,RANHILL [S],5272,[c]  s,0.950,0.945,+0.005,+0.53,398,521,0.950,0.965,110,0.960,0.940
621,622,EIG [S],5081,s,0.540,0.540,-,-,390,10,0.540,0.560,230,0.540,0.480
622,623,MENANG [S],1694,s,0.310,0.310,-,-,381,2,0.300,0.310,379,0.310,0.300
623,624,VERTICE-WA [S],7240WA,s,0.280,0.360,-0.080,-22.22,380,50,0.280,0.315,400,0.375,0.280
624,625,FIHB [S],8605,s,0.250,0.255,-0.005,-1.96,378,125,0.245,0.255,5,0.290,0.210
625,626,WONG [S],7050,[c]  s,0.475,0.450,+0.025,+5.56,362,"1,000",0.470,0.475,56,0.475,0.410
626,627,EDGENTA [S],1368,[c]  s,2.460,2.460,-,-,361,132,2.460,2.480,56,2.480,2.450
627,628,BDB [S],6173,s,0.345,0.360,-0.015,-4.17,350,100,0.345,0.350,250,0.360,0.330
628,629,FAVCO [S],7229,s,2.660,2.700,-0.040,-1.48,341,140,2.660,2.680,90,2.700,2.610
629,630,METFUS50 [S],0827EA,s,1.240,1.330,-0.090,-6.77,333,200,1.230,1.360,200,1.280,1.240
630,631,YLI [S],7014,s,0.220,0.220,-,-,330,100,0.190,0.220,95,0.220,0.220
631,632,MINDA [S],5166,s,0.045,0.045,-,-,311,140,0.045,0.050,"2,008",0.050,0.040
632,633,UTDPLT [S],2089,[c]  s,26.200,26.240,-0.040,-0.15,308,27,26.180,26.200,742,26.400,26.120
633,634,FREIGHT [S],7210,s,0.590,0.590,-,-,300,50,0.580,0.590,100,0.590,0.580
634,635,GOODWAY [S],7192,s,0.170,0.175,-0.005,-2.86,300,"1,940",0.170,0.180,30,0.175,0.170
635,636,HSL [S],6238,s,1.240,1.270,-0.030,-2.36,300,110,1.230,1.250,110,1.250,1.210
636,637,IQZAN [S],7183,s,0.065,0.065,-,-,300,"2,000",0.060,0.065,100,0.065,0.060
637,638,PASDEC [S],6912,s,0.305,0.290,+0.015,+5.17,300,150,0.275,0.305,123,0.305,0.300
638,639,RESINTC [S],7232,s,0.260,0.270,-0.010,-3.70,300,66,0.260,0.305,150,0.265,0.260
639,640,SERSOL-WA [S],0055WA,0.045,0.040,+0.005,+12.50,300,"2,000",0.040,0.045,137,0.045,0.045,0055WA
640,641,TADMAX [S],4022,s,0.245,0.250,-0.005,-2.00,300,170,0.245,0.250,"1,284",0.250,0.245
641,642,ZHULIAN [S],5131,s,1.380,1.380,-,-,300,127,1.380,1.450,143,1.390,1.380
642,643,MGB [S],7595,s,0.570,0.565,+0.005,+0.88,291,20,0.565,0.570,"1,029",0.575,0.570
643,644,PMBTECH [S],7172,[c]  s,3.120,3.110,+0.010,+0.32,291,194,3.120,3.190,65,3.120,3.100
644,645,SURIA [S],6521,s,1.270,1.250,+0.020,+1.60,290,14,1.250,1.260,40,1.270,1.250
645,646,STELLA [S],5006,s,0.925,0.930,-0.005,-0.54,284,16,0.925,0.975,20,0.925,0.920
646,647,DOMINAN [S],7169,[c]  s,1.250,1.250,-,-,272,8,1.240,1.250,209,1.250,1.220
647,648,CAMRES [S],7128,s,0.210,0.210,-,-,270,230,0.210,0.240,80,0.210,0.210
648,649,KWANTAS [S],6572,s,0.590,0.620,-0.030,-4.84,270,49,0.590,0.655,300,0.620,0.590
649,650,THETA [S],9075,s,0.430,0.400,+0.030,+7.50,263,50,0.390,0.430,198,0.450,0.400
650,651,EPMB [S],7773,s,0.370,0.350,+0.020,+5.71,260,150,0.320,0.370,53,0.370,0.350
651,652,AMWAY [S],6351,[c]  s,5.480,5.500,-0.020,-0.36,258,37,5.450,5.700,5,5.550,5.450
652,653,NIHSIN-WB [S],7215WB,s,0.035,0.030,+0.005,+16.67,255,81,0.030,0.035,"1,999",0.035,0.030
653,654,KPSCB [S],9121,s,0.470,0.470,-,-,254,100,0.420,0.470,3,0.470,0.470
654,655,YGL [S],0086,0.120,0.120,-,-,250,"1,000",0.125,0.140,917,0.120,0.120,0086
655,656,LBS-WB [S],5789WB,s,0.015,0.020,-0.005,-25.00,244,"1,789",0.010,0.020,"1,503",0.020,0.010
656,657,AYER [S],2305,s,5.810,6.000,-0.190,-3.17,212,108,5.810,5.900,30,5.950,5.810
657,658,VERSATL [S],4995,s,0.230,0.250,-0.020,-8.00,210,1,0.225,0.255,1,0.245,0.230
658,659,SCOMI-WB [S],7158WB,s,0.010,0.005,+0.005,+100.00,204,"115,240",0.005,0.010,"14,353",0.010,0.010
659,660,ECOWLD-WA [S],8206WA,s,0.165,0.160,+0.005,+3.13,201,300,0.150,0.165,"1,095",0.165,0.160
660,661,DNONCE-WA [S],7114WA,s,0.040,0.050,-0.010,-20.00,200,"2,250",0.035,0.050,359,0.040,0.040
661,662,ESAFE [S],0190,0.175,0.180,-0.005,-2.78,200,100,0.165,0.180,100,0.175,0.175,0190
662,663,KNUSFOR [S],5035,s,0.700,0.700,-,-,200,310,0.680,0.770,20,0.700,0.700
663,664,PICORP [S],7201,s,0.105,0.115,-0.010,-8.70,200,855,0.105,0.110,136,0.105,0.105
664,665,PTARAS [S],9598,s,2.900,2.900,-,-,200,101,2.900,3.040,20,2.900,2.900
665,666,SNTORIA-WB [S],5213WB,s,0.105,0.105,-,-,191,200,0.070,0.105,920,0.110,0.105
666,667,PERSTIM [S],5436,s,4.000,4.010,-0.010,-0.25,182,12,4.000,4.080,6,4.000,3.980
667,668,INNO [S],6262,s,0.675,0.685,-0.010,-1.46,180,20,0.675,0.700,100,0.685,0.675
668,669,UMCCA [S],2593,s,5.000,5.010,-0.010,-0.20,168,132,5.000,5.090,51,5.000,5.000
669,670,CHUAN [S],7016,s,0.310,0.350,-0.040,-11.43,165,50,0.300,0.330,106,0.330,0.310
670,671,HWATAI [S],8478,s,0.280,0.270,+0.010,+3.70,160,89,0.250,0.280,41,0.280,0.250
671,672,EUPE [S],6815,s,0.610,0.580,+0.030,+5.17,151,5,0.580,0.610,"2,199",0.610,0.570
672,673,ASIAFLE [S],7129,s,1.910,1.920,-0.010,-0.52,149,6,1.910,1.950,36,1.950,1.910
673,674,TASEK [S],4448,s,5.700,6.000,-0.300,-5.00,143,30,5.610,6.000,20,5.700,5.600
674,675,KFIMA [S],6491,s,1.540,1.520,+0.020,+1.32,140,60,1.510,1.520,230,1.540,1.540
675,676,PWROOT-WA [S],7237WA,s,0.685,0.690,-0.005,-0.72,140,100,0.650,0.685,60,0.685,0.685
676,677,AHEALTH [S],7090,[c]  s,2.300,2.340,-0.040,-1.71,130,102,2.300,2.320,30,2.330,2.280
677,678,TGL [S],9369,s,1.140,1.200,-0.060,-5.00,130,50,1.070,1.220,50,1.150,1.050
678,679,SUBUR [S],6904,s,0.485,0.485,-,-,129,57,0.485,0.570,202,0.500,0.485
679,680,MHC [S],5026,s,0.560,0.560,-,-,120,100,0.540,0.565,40,0.560,0.560
680,681,TONGHER [S],5010,s,1.990,2.000,-0.010,-0.50,120,10,1.990,2.010,75,2.010,1.990
681,682,AJI [S],2658,s,14.400,14.640,-0.240,-1.64,117,27,14.260,14.480,4,14.500,14.120
682,683,WOODLAN [S],7025,s,0.535,0.595,-0.060,-10.08,111,30,0.545,0.535,9,0.570,0.535
683,684,SIGN [S],7246,s,0.385,0.375,+0.010,+2.67,110,200,0.370,0.385,140,0.385,0.370
684,685,SOP [S],5126,s,3.200,3.260,-0.060,-1.84,110,133,3.200,3.260,6,3.260,3.200
685,686,DLADY [S],3026,s,41.800,42.540,-0.740,-1.74,105,1,41.780,41.800,3,43.840,41.700
686,687,BPPLAS [S],5100,[c]  s,1.030,1.020,+0.010,+0.98,102,8,1.030,1.050,90,1.030,1.020
687,688,OCR-WC [S],7071WC,s,0.015,0.040,-0.025,-62.50,101,"2,529",0.015,0.035,120,0.015,0.015
688,689,DKLS [S],7528,s,1.680,1.610,+0.070,+4.35,100,20,1.600,1.680,80,1.680,1.600
689,690,ENRA [S],8613,s,1.080,1.200,-0.120,-10.00,100,20,1.040,1.130,10,1.130,1.080
690,691,KEN [S],7323,s,0.520,0.530,-0.010,-1.89,100,100,0.520,0.550,240,0.520,0.520
691,692,OIB [S],5827,s,1.950,1.960,-0.010,-0.51,100,20,1.950,2.370,10,1.950,1.950
692,693,POLY [S],8117,s,0.310,0.310,-,-,100,131,0.310,0.340,50,0.310,0.310
693,694,YBS [S],0025,0.110,0.115,-0.005,-4.35,100,"1,900",0.110,0.120,600,0.110,0.110,0025
694,695,CRESNDO [S],6718,s,1.090,1.150,-0.060,-5.22,88,2,1.140,1.180,13,1.150,1.010
695,696,CSCENIC [S],7202,[c]  s,0.865,0.880,-0.015,-1.70,88,2,0.865,0.895,50,0.910,0.860
696,697,PMCORP [S],4081,s,0.120,0.115,+0.005,+4.35,80,"5,000",0.115,0.120,20,0.120,0.120
697,698,COCOLND [S],7205,s,1.860,1.850,+0.010,+0.54,76,10,1.860,1.900,40,1.860,1.850
698,699,ATAIMS [S],8176,s,1.500,1.510,-0.010,-0.66,70,33,1.350,1.500,12,1.500,1.500
699,700,SHH [S],7412,s,0.460,0.490,-0.030,-6.12,70,80,0.460,0.490,30,0.460,0.460
700,701,EITA [S],5208,[x]  s,1.390,1.390,-,-,69,21,1.350,1.390,81,1.390,1.350
701,702,OCB [S],5533,s,0.355,0.355,-,-,65,10,0.355,0.425,109,0.355,0.355
702,703,LBS-PA [S],5789PA,s,0.705,0.700,+0.005,+0.71,64,42,0.705,0.990,20,0.710,0.705
703,704,SPRITZER [S],7103,s,2.250,2.150,+0.100,+4.65,61,20,2.120,2.250,11,2.250,2.100
704,705,TSRCAP [S],5042,s,0.380,0.350,+0.030,+8.57,60,140,0.360,0.450,60,0.380,0.380
705,706,WTHORSE [S],5009,s,0.960,0.940,+0.020,+2.13,60,30,0.885,0.980,30,0.960,0.960
706,707,PANSAR-WA [S],8419WA,s,0.240,0.240,-,-,55,35,0.225,0.240,140,0.240,0.230
707,708,SNC [S],7943,s,0.310,0.350,-0.040,-11.43,55,40,0.290,0.310,45,0.310,0.290
708,709,BONIA [S],9288,s,0.830,0.830,-,-,50,50,0.770,0.820,78,0.830,0.830
709,710,KOBAY [S],6971,s,1.850,1.840,+0.010,+0.54,50,10,1.850,1.990,17,1.850,1.840
710,711,CWG [S],9423,s,0.365,0.365,-,-,47,103,0.365,0.395,120,0.365,0.365
711,712,APOLLO [S],6432,s,3.490,3.530,-0.040,-1.13,46,4,3.490,3.520,31,3.520,3.480
712,713,JADEM [S],7043,s,0.950,0.950,-,-,46,55,0.950,1.150,60,0.950,0.950
713,714,BHIC [S],8133,s,1.160,1.090,+0.070,+6.42,43,5,1.080,1.160,7,1.160,1.120
714,715,CEPCO [S],8435,s,0.815,0.710,+0.105,+14.79,43,20,0.710,0.890,500,0.815,0.750
715,716,GOPENG [S],2135,s,0.680,0.610,+0.070,+11.48,42,21,0.600,0.670,20,0.680,0.600
716,717,Y&G [S],7003,s,0.785,0.795,-0.010,-1.26,42,58,0.785,0.990,595,0.785,0.785
717,718,CHHB [S],5738,s,1.020,1.010,+0.010,+0.99,40,30,1.020,1.100,40,1.020,1.010
718,719,MBG [S],5886,s,1.340,1.340,-,-,40,"5,655",1.340,1.350,180,1.350,1.340
719,720,MHCARE [S],03005,[c],1.000,0.880,+0.120,+13.64,40,20,0.860,1.030,20,1.000,0.960
720,721,RVIEW [S],2542,s,2.750,2.750,-,-,40,50,2.740,2.850,40,2.750,2.750
721,722,ALAQAR [S],5116,s,1.360,1.360,-,-,39,211,1.360,1.380,25,1.360,1.350
722,723,ADVPKG [S],9148,s,2.130,2.000,+0.130,+6.50,30,20,2.000,2.130,10,2.130,2.000
723,724,ASIABRN [S],7722,s,0.460,0.510,-0.050,-9.80,30,100,0.420,0.460,5,0.460,0.460
724,725,SCOMNET-WA [S],0001WA,0.390,0.400,-0.010,-2.50,30,50,0.390,0.400,4,0.390,0.390,0001WA
725,726,UPA [S],7757,s,2.100,2.180,-0.080,-3.67,30,40,2.050,2.180,20,2.160,2.100
726,727,TOMYPAK-WA [S],7285WA,s,0.055,0.055,-,-,24,"1,046",0.035,0.055,"2,820",0.055,0.035
727,728,ALSREIT [S],5269,s,0.850,0.855,-0.005,-0.58,21,14,0.805,0.850,488,0.850,0.805
728,729,MESB [S],7234,s,0.300,0.285,+0.015,+5.26,20,100,0.260,0.295,123,0.305,0.295
729,730,BKAWAN [S],1899,s,15.900,15.520,+0.380,+2.45,13,1,15.400,16.140,85,16.160,15.900
730,731,BIPORT [S],5032,[c]  s,4.320,4.650,-0.330,-7.10,10,35,4.320,4.600,25,4.320,4.320
731,732,CAELY [S],7154,s,0.385,0.350,+0.035,+10.00,10,100,0.345,0.385,80,0.385,0.385
732,733,LATITUD [S],7006,[c]  s,2.770,2.720,+0.050,+1.84,10,84,2.600,2.750,50,2.770,2.770
733,734,MAGNA-WB [S],7617WB,s,0.070,0.065,+0.005,+7.69,10,500,0.050,0.070,290,0.070,0.070
734,735,PNEPCB-WA [S],6637WA,s,0.100,0.075,+0.025,+33.33,10,66,0.050,0.100,25,0.100,0.100
735,736,LIONPSIM [S],8486,s,0.370,0.390,-0.020,-5.13,9,41,0.370,0.435,10,0.370,0.370
736,737,SMISCOR [S],7132,s,0.350,0.355,-0.005,-1.41,7,1,0.345,0.350,129,0.350,0.290
737,738,PINEAPP [S],0006,0.290,0.240,+0.050,+20.83,5,30,0.225,0.290,37,0.290,0.240,0006
738,739,ASTINO [S],7162,s,0.670,0.645,+0.025,+3.88,3,50,0.630,0.665,58,0.680,0.670
739,740,AAX-WA [S],5238WA,s,0.005,0.005,-,-,1,-,-,0.005,"312,865",0.005,0.005
740,741,PASDEC-WA [S],6912WA,s,0.045,0.035,+0.010,+28.57,1,500,0.035,0.045,922,0.045,0.045
741,742,SUNSURIA [S],3743,s,0.545,0.520,+0.025,+4.81,1,50,0.505,0.545,554,0.545,0.545
742,743,ABLEGRP [S],7086,s,-,0.065,-,-,-,"3,302",0.055,0.070,178,-,-
743,744,ACME [S],7131,s,-,0.235,-,-,-,47,0.230,0.260,100,-,-
744,745,ACME-WA [S],7131WA,s,-,0.060,-,-,-,100,0.055,0.100,100,-,-
745,746,AFUJIYA [S],5198,s,-,0.435,-,-,-,50,0.385,0.440,106,-,-
746,747,AIM [S],0122,-,0.270,-,-,-,200,0.190,0.270,389,-,-,0122
747,748,AJIYA [S],7609,s,-,0.390,-,-,-,2,0.385,0.400,324,-,-
748,749,AJIYA-WA [S],7609WA,s,-,0.030,-,-,-,310,0.025,0.030,670,-,-
749,750,AMLEX [S],03011,-,0.215,-,-,-,-,-,-,-,-,-,03011
750,751,ANALABS [S],7083,[x]  s,-,1.090,-,-,-,100,1.000,1.100,60,-,-
751,752,ANZO-WB [S],9342WB,s,-,0.015,-,-,-,"13,837",0.015,0.020,"2,279",-,-
752,753,ANZO-WC [S],9342WC,s,-,0.005,-,-,-,-,-,0.005,"241,519",-,-
753,754,ARK-WB [S],7007WB,s,-,0.025,-,-,-,444,0.005,-,-,-,-
754,755,ASIAPAC-WB [S],4057WB,s,-,0.035,-,-,-,"1,798",0.030,0.035,150,-,-
755,756,ASIAPLY-PA [S],0105PA,-,0.030,-,-,-,"4,000",0.025,0.030,"7,548",-,-,0105PA
756,757,ASIAPLY-WB [S],0105WB,-,0.015,-,-,-,"16,421",0.010,0.015,"6,564",-,-,0105WB
757,758,ATTA [S],7099,S s,-,0.445,-,-,-,-,-,-,-,-,-
758,759,ATTA-WB [S],7099WB,S s,-,0.060,-,-,-,-,-,-,-,-,-
759,760,ATTA-WC [S],7099WC,S s,-,0.070,-,-,-,-,-,-,-,-,-
760,761,AZRB-WA [S],7078WA,s,-,0.110,-,-,-,450,0.110,0.140,50,-,-
761,762,BABA [S],03012,-,0.170,-,-,-,-,-,-,-,-,-,03012
762,763,BIG [S],7005,s,-,0.330,-,-,-,100,0.305,0.345,161,-,-
763,764,BLDPLNT [S],5069,s,-,5.500,-,-,-,11,4.800,6.260,66,-,-
764,765,BTM-WB [S],7188WB,s,-,0.060,-,-,-,100,0.050,0.065,200,-,-
765,766,CABNET [S],0191,-,0.190,-,-,-,100,0.190,0.205,70,-,-,0191
766,767,CFM [S],8044,s,-,1.100,-,-,-,174,1.100,-,-,-,-
767,768,CGB [S],8052,s,-,0.460,-,-,-,30,0.410,0.460,40,-,-
768,769,CHEETAH [S],7209,s,-,0.300,-,-,-,150,0.250,-,-,-,-
769,770,CHHB-WB [S],5738WB,s,-,0.160,-,-,-,50,0.105,0.160,960,-,-
770,771,CLOUD [S],03001,-,0.095,-,-,-,-,-,0.100,"49,000",-,-,03001
771,772,CME [S],7018,s,-,0.025,-,-,-,"54,100",0.025,0.030,"16,406",-,-
772,773,CME-WA [S],7018WA,s,-,0.030,-,-,-,"2,200",0.030,-,-,-,-
773,774,CONNECT-WA [S],0102WA,-,0.055,-,-,-,500,0.010,0.055,"1,400",-,-,0102WA
774,775,CRG [S],03016,[c],-,0.065,-,-,-,"5,000",0.065,0.070,180,-,-
775,776,CVIEW [S],5049,s,-,1.420,-,-,-,20,1.210,1.380,232,-,-
776,777,CYL [S],7157,s,-,0.350,-,-,-,70,0.295,0.350,34,-,-
777,778,CYMAO [S],5082,s,-,0.285,-,-,-,100,0.240,0.285,185,-,-
778,779,DBE-WB [S],7179WB,s,-,0.010,-,-,-,"234,444",0.005,0.010,"142,919",-,-
779,780,DIN040000223 [S],0400GA,s,-,102.000,-,-,-,10,102.200,102.500,1,-,-
780,781,DIN042300721 [S],0400GC,s,-,102.400,-,-,-,1,101.500,102.500,1,-,-
781,782,DIN045801028 [S],0400GB,s,-,105.000,-,-,-,1,104.800,106.800,1,-,-
782,783,DOMINAN-WA [S],7169WA,s,-,0.035,-,-,-,"2,450",0.005,0.030,"1,730",-,-
783,784,DWL-PA [S],7165PA,s,-,0.105,-,-,-,150,0.080,0.150,110,-,-
784,785,ENGKAH [S],7149,s,-,0.950,-,-,-,30,0.825,0.920,50,-,-
785,786,EUROSP [S],7094,s,-,0.360,-,-,-,150,0.320,0.435,9,-,-
786,787,FAREAST [S],5029,s,-,2.750,-,-,-,20,2.350,2.740,50,-,-
787,788,FBBHD [S],03026,-,0.320,-,-,-,-,-,-,-,-,-,03026
788,789,FIAMMA [S],6939,[c]  s,-,0.490,-,-,-,50,0.475,0.525,88,-,-
789,790,FIHB-PA [S],8605PA,s,-,0.035,-,-,-,550,0.030,0.050,500,-,-
790,791,FIHB-PB [S],8605PB,s,-,0.075,-,-,-,"1,500",0.040,-,-,-,-
791,792,GLOMAC [S],5020,s,-,0.345,-,-,-,44,0.335,0.340,500,-,-
792,793,GLOTEC-WA [S],5220WA,s,-,0.045,-,-,-,"1,300",0.045,0.055,"1,112",-,-
793,794,GMUTUAL [S],9962,s,-,0.260,-,-,-,200,0.240,0.270,560,-,-
794,795,GPHAROS [S],5649,s,-,0.190,-,-,-,100,0.190,0.205,47,-,-
795,796,GREENYB [S],0136,s,-,0.130,-,-,-,"2,500",0.115,0.130,"1,442",-,-
796,797,HARBOUR-WC [S],2062WC,s,-,0.020,-,-,-,600,0.010,0.050,"1,037",-,-
797,798,HARNLEN-WB [S],7501WB,s,-,0.080,-,-,-,500,0.080,0.145,45,-,-
798,799,HIAPTEK-LA [S],5072LA,s,-,0.200,-,-,-,27,0.190,0.250,400,-,-
799,800,HIGHTEC [S],7033,s,-,1.000,-,-,-,37,1.050,1.200,9,-,-
800,801,HIL-WB [S],8443WB,s,-,0.180,-,-,-,115,0.105,0.180,18,-,-
801,802,HOKHENG [S],5165,s,-,0.515,-,-,-,10,0.480,0.550,9,-,-
802,803,HOMERIZ-WA [S],5160WA,s,-,0.005,-,-,-,-,-,0.005,"32,005",-,-
803,804,HOOVER [S],7010,s,-,0.355,-,-,-,92,0.355,0.480,80,-,-
804,805,HSSEB-WA [S],0185WA,s,-,0.150,-,-,-,200,0.125,0.155,100,-,-
805,806,HUBLINE-WB [S],7013WB,s,-,0.005,-,-,-,-,-,0.005,"24,056",-,-
806,807,HUBLINE-WC [S],7013WC,s,-,0.025,-,-,-,"15,901",0.015,0.025,"31,306",-,-
807,808,HWGB-WD [S],9601WD,s,-,0.035,-,-,-,"5,050",0.015,0.030,"1,510",-,-
808,809,IBRACO [S],5084,s,-,0.555,-,-,-,300,0.555,0.665,10,-,-
809,810,IDMENSN [S],0174,-,0.025,-,-,-,"4,141",0.025,0.030,"12,775",-,-,0174
810,811,IDMENSN-WA [S],0174WA,-,0.005,-,-,-,-,-,0.005,"30,565",-,-,0174WA
811,812,IHS046000824 [S],0401GA,s,-,99.500,-,-,-,1,99.000,-,-,-,-
812,813,INIX-WA [S],0094WA,-,0.005,-,-,-,-,-,0.005,"14,564",-,-,0094WA
813,814,IPMUDA [S],5673,s,-,0.310,-,-,-,201,0.290,0.330,50,-,-
814,815,IREKA [S],8834,s,-,0.415,-,-,-,50,0.350,0.400,300,-,-
815,816,ITRONIC [S],9393,s,-,0.085,-,-,-,"1,300",0.080,0.100,348,-,-
816,817,IVORY [S],5175,s,-,0.155,-,-,-,301,0.145,0.155,300,-,-
817,818,JAG-WB [S],0024WB,-,0.005,-,-,-,-,-,0.005,"84,979",-,-,0024WB
818,819,JETSON [S],9083,s,-,0.135,-,-,-,500,0.115,0.130,200,-,-
819,820,JIANKUN-WA [S],8923WA,s,-,0.075,-,-,-,"3,000",0.055,0.075,500,-,-
820,821,JMEDU [S],03003,[c],-,0.535,-,-,-,-,-,-,-,-,-
821,822,KEINHIN [S],7199,s,-,0.445,-,-,-,22,0.405,0.495,100,-,-
822,823,KERJAYA-WB [S],7161WB,s,-,0.205,-,-,-,800,0.160,0.205,100,-,-
823,824,KGROUP-WB [S],0036WB,-,0.005,-,-,-,-,-,0.005,"40,105",-,-,0036WB
824,825,KHIND [S],7062,s,-,1.550,-,-,-,30,1.200,1.550,10,-,-
825,826,KIALIM [S],6211,s,-,0.190,-,-,-,100,0.190,0.210,110,-,-
826,827,KIMHIN [S],5371,s,-,1.000,-,-,-,20,0.935,0.990,30,-,-
827,828,KIMLUN-WA [S],5171WA,s,-,0.240,-,-,-,155,0.170,0.240,50,-,-
828,829,KMLOONG-WB [S],5027WB,s,-,0.260,-,-,-,15,0.250,0.330,213,-,-
829,830,KOTRA [S],0002,s,-,2.110,-,-,-,10,2.100,2.110,13,-,-
830,831,KSSC [S],5192,s,-,0.355,-,-,-,50,0.315,0.355,100,-,-
831,832,KYM [S],8362,s,-,0.260,-,-,-,30,0.235,0.260,48,-,-
832,833,LEBTECH [S],9628,s,-,0.925,-,-,-,1,0.800,0.925,37,-,-
833,834,LEWEKO-WB [S],8745WB,s,-,0.030,-,-,-,700,0.010,0.025,150,-,-
834,835,MACPIE [S],0140,-,0.105,-,-,-,100,0.090,0.105,"3,775",-,-,0140
835,836,MACPIE-WA [S],0140WA,-,0.005,-,-,-,"6,800",0.005,0.010,"26,112",-,-,0140WA
836,837,MATRIX-WA [S],5236WA,s,-,0.025,-,-,-,"5,500",0.020,0.030,"3,124",-,-
837,838,MBWORLD [S],7189,s,-,1.420,-,-,-,50,1.420,1.440,50,-,-
838,839,MCEHLDG [S],7004,s,-,0.450,-,-,-,256,0.375,0.400,105,-,-
839,840,MCOM [S],03022,-,0.405,-,-,-,-,-,-,-,-,-,03022
840,841,MELATI [S],5129,[c]  s,-,0.470,-,-,-,60,0.430,0.470,162,-,-
841,842,MENTIGA [S],5223,s,-,0.450,-,-,-,200,0.430,0.540,55,-,-
842,843,MERCURY [S],8192,s,-,0.715,-,-,-,70,0.635,1.000,30,-,-
843,844,MERIDIAN-WB [S],5040WB,s,-,0.005,-,-,-,"26,075",0.005,0.010,"13,804",-,-
844,845,MESB-WA [S],7234WA,s,-,0.090,-,-,-,388,0.060,0.090,177,-,-
845,846,METFAPA [S],0826EA,S s,-,0.945,-,-,-,-,-,-,-,-,-
846,847,METFSID [S],0825EA,[c]  s,-,0.735,-,-,-,100,0.690,0.740,100,-,-
847,848,MFGROUP [S],03015,-,0.235,-,-,-,-,-,-,-,-,-,03015
848,849,MILUX [S],7935,s,-,0.800,-,-,-,100,0.800,0.855,10,-,-
849,850,MITRA-WD [S],9571WD,s,-,0.005,-,-,-,-,-,0.005,"6,340",-,-
